Order_ID,Order_Date,Customer_ID,Product,Category,Quantity,Unit_Price,Product_Cost,Discount,Payment_Method,Region,City,Order_Status,Shipping_Cost,Gross_Sales,Discount_Amount,Net_Sales,Total_Product_Cost,Profit,Profit_Margin,Contribution_After_Shipping,Year,Month,Month_Name,Quarter
ORD10001,2025-12-15,CUST189,Backpack,Accessories,3,1800,1100,10.0,Cash on Delivery,West,Mumbai,Returned,121,5400,540.0,4860.0,3300,1439.0,29.60905349794239,4739.0,2025,12,December,Q4
ORD10002,2025-08-03,CUST100,Coffee Maker,Home Appliances,3,4500,3000,10.0,Debit Card,North,Jaipur,Cancelled,137,13500,1350.0,12150.0,9000,3013.0,24.79835390946502,12013.0,2025,8,August,Q3
ORD10003,2025-12-10,CUST277,Office Chair,Furniture,4,8500,6000,5.0,UPI,North,Lucknow,Delivered,241,34000,1700.0,32300.0,24000,8059.0,24.95046439628483,32059.0,2025,12,December,Q4
ORD10004,2025-09-10,CUST059,Coffee Maker,Home Appliances,4,4500,3000,0.0,Credit Card,West,Ahmedabad,Delivered,98,18000,0.0,18000.0,12000,5902.0,32.78888888888889,17902.0,2025,9,September,Q3
ORD10005,2025-12-30,CUST131,Bookshelf,Furniture,3,7000,4800,15.0,Cash on Delivery,North,Jaipur,Delivered,369,21000,3150.0,17850.0,14400,3081.0,17.26050420168067,17481.0,2025,12,December,Q4
ORD10006,2025-11-25,CUST089,Backpack,Accessories,3,1800,1100,5.0,Net Banking,West,Pune,Cancelled,437,5400,270.0,5130.0,3300,1393.0,27.153996101364523,4693.0,2025,11,November,Q4
ORD10007,2025-09-22,CUST092,Smartphone,Electronics,2,25000,19000,20.0,Net Banking,East,Kolkata,Returned,435,50000,10000.0,40000.0,38000,1565.0,3.9125,39565.0,2025,9,September,Q3
ORD10008,2025-02-04,CUST050,Bookshelf,Furniture,2,7000,4800,0.0,Net Banking,South,Chennai,Delivered,469,14000,0.0,14000.0,9600,3931.0,28.07857142857143,13531.0,2025,2,February,Q1
ORD10009,2025-04-16,CUST218,Desk,Furniture,4,12000,8500,20.0,Net Banking,West,Ahmedabad,Delivered,240,48000,9600.0,38400.0,34000,4160.0,10.833333333333334,38160.0,2025,4,April,Q2
ORD10010,2025-09-27,CUST296,Coffee Maker,Home Appliances,3,4500,3000,15.0,Cash on Delivery,West,Mumbai,Shipped,239,13500,2025.0,11475.0,9000,2236.0,19.485838779956428,11236.0,2025,9,September,Q3
ORD10011,2025-10-07,CUST188,Smartphone,Electronics,2,25000,19000,0.0,Net Banking,West,Unknown,Shipped,301,50000,0.0,50000.0,38000,11699.0,23.398,49699.0,2025,10,October,Q4
ORD10012,2025-12-11,CUST129,T-Shirt,Fashion,3,900,500,0.0,Net Banking,North,Delhi,Returned,393,2700,0.0,2700.0,1500,807.0,29.888888888888886,2307.0,2025,12,December,Q4
ORD10013,2025-03-22,CUST289,Mixer Grinder,Home Appliances,4,3500,2300,10.0,Debit Card,North,Jaipur,Shipped,468,14000,1400.0,12600.0,9200,2932.0,23.269841269841272,12132.0,2025,3,March,Q1
ORD10014,2025-02-10,CUST268,Coffee Maker,Home Appliances,4,4500,3000,0.0,Credit Card,South,Bengaluru,Delivered,377,18000,0.0,18000.0,12000,5623.0,31.238888888888887,17623.0,2025,2,February,Q1
ORD10015,2025-03-03,CUST172,Backpack,Accessories,4,1800,1100,20.0,Debit Card,South,Bengaluru,Delivered,148,7200,1440.0,5760.0,4400,1212.0,21.041666666666668,5612.0,2025,3,March,Q1
ORD10016,2025-04-11,CUST005,Laptop,Electronics,3,55000,42000,10.0,Credit Card,North,Jaipur,Returned,306,165000,16500.0,148500.0,126000,22194.0,14.945454545454545,148194.0,2025,4,April,Q2
ORD10017,2025-07-26,CUST179,Backpack,Accessories,3,1800,1100,5.0,UPI,East,Patna,Delivered,91,5400,270.0,5130.0,3300,1739.0,33.89863547758284,5039.0,2025,7,July,Q3
ORD10018,2025-08-19,CUST036,Smartwatch,Electronics,1,5000,3300,10.0,Cash on Delivery,West,Pune,Returned,78,5000,500.0,4500.0,3300,1122.0,24.933333333333334,4422.0,2025,8,August,Q3
ORD10019,2025-03-27,CUST045,Mixer Grinder,Home Appliances,4,3500,2300,5.0,UPI,North,Jaipur,Shipped,219,14000,700.0,13300.0,9200,3881.0,29.180451127819552,13081.0,2025,3,March,Q1
ORD10020,2025-01-28,CUST286,Desk,Furniture,4,12000,8500,15.0,Debit Card,East,Bhubaneswar,Delivered,389,48000,7200.0,40800.0,34000,6411.0,15.713235294117647,40411.0,2025,1,January,Q1
ORD10021,2025-08-19,CUST283,Backpack,Accessories,2,1800,1100,0.0,UPI,East,Bhubaneswar,Delivered,434,3600,0.0,3600.0,2200,966.0,26.833333333333332,3166.0,2025,8,August,Q3
ORD10022,2025-12-25,CUST165,T-Shirt,Fashion,2,900,500,10.0,UPI,North,Jaipur,Delivered,186,1800,180.0,1620.0,1000,434.0,26.79012345679012,1434.0,2025,12,December,Q4
ORD10023,2025-06-01,CUST160,Coffee Maker,Home Appliances,3,4500,3000,10.0,UPI,East,Bhubaneswar,Delivered,423,13500,1350.0,12150.0,9000,2727.0,22.444444444444443,11727.0,2025,6,June,Q2
ORD10024,2025-02-21,CUST113,Laptop,Electronics,4,55000,42000,5.0,Cash on Delivery,North,Delhi,Delivered,436,220000,11000.0,209000.0,168000,40564.0,19.408612440191387,208564.0,2025,2,February,Q1
ORD10025,2025-07-06,CUST220,Shoes,Fashion,1,3500,2200,5.0,Cash on Delivery,North,Delhi,Delivered,179,3500,175.0,3325.0,2200,946.0,28.451127819548873,3146.0,2025,7,July,Q3
ORD10026,2025-05-06,CUST218,Laptop,Electronics,2,55000,42000,20.0,Unknown,North,Jaipur,Returned,221,110000,22000.0,88000.0,84000,3779.0,4.2943181818181815,87779.0,2025,5,May,Q2
ORD10027,2025-05-03,CUST098,Mixer Grinder,Home Appliances,1,3500,2300,20.0,Debit Card,South,Chennai,Returned,421,3500,700.0,2800.0,2300,79.0,2.821428571428571,2379.0,2025,5,May,Q2
ORD10028,2025-05-04,CUST148,Laptop,Electronics,3,55000,42000,20.0,Net Banking,South,Hyderabad,Delivered,308,165000,33000.0,132000.0,126000,5692.0,4.3121212121212125,131692.0,2025,5,May,Q2
ORD10029,2025-12-12,CUST199,Smartwatch,Electronics,3,5000,3300,10.0,Net Banking,North,Jaipur,Delivered,197,15000,1500.0,13500.0,9900,3403.0,25.207407407407405,13303.0,2025,12,December,Q4
ORD10030,2025-05-08,CUST129,Laptop,Electronics,3,55000,42000,5.0,Debit Card,South,Chennai,Delivered,409,165000,8250.0,156750.0,126000,30341.0,19.356299840510367,156341.0,2025,5,May,Q2
ORD10031,2025-05-31,CUST263,T-Shirt,Fashion,3,900,500,5.0,Net Banking,South,Hyderabad,Delivered,148,2700,135.0,2565.0,1500,917.0,35.7504873294347,2417.0,2025,5,May,Q2
ORD10032,2025-03-01,CUST254,T-Shirt,Fashion,1,900,500,5.0,Net Banking,West,Mumbai,Shipped,434,900,45.0,855.0,500,-79.0,-9.239766081871345,421.0,2025,3,March,Q1
ORD10033,2025-01-09,CUST208,Office Chair,Furniture,1,8500,6000,10.0,Debit Card,East,Patna,Delivered,196,8500,850.0,7650.0,6000,1454.0,19.00653594771242,7454.0,2025,1,January,Q1
ORD10034,2025-04-30,CUST113,Shoes,Fashion,1,3500,2200,15.0,Net Banking,West,Ahmedabad,Cancelled,124,3500,525.0,2975.0,2200,651.0,21.88235294117647,2851.0,2025,4,April,Q2
ORD10035,2025-09-11,CUST153,Shoes,Fashion,3,3500,2200,0.0,Cash on Delivery,West,Mumbai,Delivered,148,10500,0.0,10500.0,6600,3752.0,35.733333333333334,10352.0,2025,9,September,Q3
ORD10036,2025-11-06,CUST161,Smartphone,Electronics,3,25000,19000,20.0,Net Banking,North,Lucknow,Delivered,218,75000,15000.0,60000.0,57000,2782.0,4.636666666666667,59782.0,2025,11,November,Q4
ORD10037,2025-05-15,CUST033,Office Chair,Furniture,3,8500,6000,0.0,Net Banking,West,Mumbai,Delivered,177,25500,0.0,25500.0,18000,7323.0,28.71764705882353,25323.0,2025,5,May,Q2
ORD10038,2025-01-22,CUST264,Headphones,Electronics,2,2500,1600,20.0,Debit Card,West,Ahmedabad,Delivered,100,5000,1000.0,4000.0,3200,700.0,17.5,3900.0,2025,1,January,Q1
ORD10039,2025-10-13,CUST147,Smartphone,Electronics,1,25000,19000,15.0,Net Banking,West,Pune,Delivered,416,25000,3750.0,21250.0,19000,1834.0,8.630588235294118,20834.0,2025,10,October,Q4
ORD10040,2025-06-21,CUST006,Laptop,Electronics,4,55000,42000,20.0,Debit Card,North,Delhi,Delivered,95,220000,44000.0,176000.0,168000,7905.0,4.4914772727272725,175905.0,2025,6,June,Q2
ORD10041,2025-10-07,CUST181,T-Shirt,Fashion,1,900,500,0.0,Debit Card,West,Pune,Delivered,351,900,0.0,900.0,500,49.0,5.444444444444444,549.0,2025,10,October,Q4
ORD10042,2025-07-10,CUST161,Laptop,Electronics,1,55000,42000,20.0,Debit Card,West,Mumbai,Delivered,465,55000,11000.0,44000.0,42000,1535.0,3.4886363636363638,43535.0,2025,7,July,Q3
ORD10043,2025-08-11,CUST174,T-Shirt,Fashion,2,900,500,5.0,Credit Card,East,Kolkata,Returned,372,1800,90.0,1710.0,1000,338.0,19.76608187134503,1338.0,2025,8,August,Q3
ORD10044,2025-05-07,CUST273,Desk,Furniture,3,12000,8500,5.0,UPI,South,Bengaluru,Delivered,435,36000,1800.0,34200.0,25500,8265.0,24.166666666666668,33765.0,2025,5,May,Q2
ORD10045,2025-06-25,CUST247,Mixer Grinder,Home Appliances,3,3500,2300,20.0,Credit Card,West,Ahmedabad,Delivered,219,10500,2100.0,8400.0,6900,1281.0,15.25,8181.0,2025,6,June,Q2
ORD10046,2025-01-13,CUST036,Smartphone,Electronics,4,25000,19000,5.0,Cash on Delivery,South,Hyderabad,Delivered,440,100000,5000.0,95000.0,76000,18560.0,19.53684210526316,94560.0,2025,1,January,Q1
ORD10047,2025-05-22,CUST092,Laptop,Electronics,4,55000,42000,10.0,Credit Card,South,Chennai,Delivered,192,220000,22000.0,198000.0,168000,29808.0,15.054545454545455,197808.0,2025,5,May,Q2
ORD10048,2025-02-20,CUST190,Backpack,Accessories,1,1800,1100,5.0,Cash on Delivery,West,Ahmedabad,Cancelled,112,1800,90.0,1710.0,1100,498.0,29.122807017543863,1598.0,2025,2,February,Q1
ORD10049,2025-12-08,CUST271,Coffee Maker,Home Appliances,1,4500,3000,15.0,Debit Card,East,Kolkata,Delivered,219,4500,675.0,3825.0,3000,606.0,15.84313725490196,3606.0,2025,12,December,Q4
ORD10050,2025-09-21,CUST005,Office Chair,Furniture,1,8500,6000,15.0,Net Banking,North,Delhi,Cancelled,157,8500,1275.0,7225.0,6000,1068.0,14.782006920415224,7068.0,2025,9,September,Q3
ORD10051,2025-11-07,CUST269,Smartwatch,Electronics,4,5000,3300,15.0,Credit Card,North,Jaipur,Delivered,193,20000,3000.0,17000.0,13200,3607.0,21.21764705882353,16807.0,2025,11,November,Q4
ORD10052,2025-05-25,CUST058,Coffee Maker,Home Appliances,4,4500,3000,10.0,Credit Card,North,Jaipur,Shipped,141,18000,1800.0,16200.0,12000,4059.0,25.055555555555554,16059.0,2025,5,May,Q2
ORD10053,2025-11-14,CUST129,Coffee Maker,Home Appliances,3,4500,3000,0.0,Credit Card,West,Pune,Delivered,445,13500,0.0,13500.0,9000,4055.0,30.037037037037035,13055.0,2025,11,November,Q4
ORD10054,2025-04-06,CUST272,Laptop,Electronics,2,55000,42000,0.0,Cash on Delivery,North,Lucknow,Returned,286,110000,0.0,110000.0,84000,25714.0,23.376363636363635,109714.0,2025,4,April,Q2
ORD10055,2025-12-15,CUST154,Office Chair,Furniture,3,8500,6000,10.0,Debit Card,West,Ahmedabad,Shipped,125,25500,2550.0,22950.0,18000,4825.0,21.0239651416122,22825.0,2025,12,December,Q4
ORD10056,2025-10-12,CUST047,Desk,Furniture,2,12000,8500,15.0,UPI,South,Hyderabad,Cancelled,118,24000,3600.0,20400.0,17000,3282.0,16.08823529411765,20282.0,2025,10,October,Q4
ORD10057,2025-07-23,CUST039,Smartwatch,Electronics,4,5000,3300,5.0,Net Banking,West,Pune,Delivered,481,20000,1000.0,19000.0,13200,5319.0,27.99473684210526,18519.0,2025,7,July,Q3
ORD10058,2025-09-07,CUST290,Office Chair,Furniture,2,8500,6000,20.0,Net Banking,South,Bengaluru,Returned,149,17000,3400.0,13600.0,12000,1451.0,10.669117647058822,13451.0,2025,9,September,Q3
ORD10059,2025-05-27,CUST004,Coffee Maker,Home Appliances,2,4500,3000,0.0,Credit Card,East,Kolkata,Delivered,374,9000,0.0,9000.0,6000,2626.0,29.17777777777778,8626.0,2025,5,May,Q2
ORD10060,2025-12-06,CUST163,Bookshelf,Furniture,4,7000,4800,15.0,Net Banking,East,Patna,Delivered,227,28000,4200.0,23800.0,19200,4373.0,18.373949579831933,23573.0,2025,12,December,Q4
ORD10061,2025-04-11,CUST168,Laptop,Electronics,4,55000,42000,10.0,Credit Card,North,Jaipur,Delivered,114,220000,22000.0,198000.0,168000,29886.0,15.093939393939394,197886.0,2025,4,April,Q2
ORD10062,2025-04-05,CUST242,Bookshelf,Furniture,2,7000,4800,5.0,Debit Card,East,Bhubaneswar,Returned,302,14000,700.0,13300.0,9600,3398.0,25.548872180451127,12998.0,2025,4,April,Q2
ORD10063,2025-09-21,CUST115,Laptop,Electronics,1,55000,42000,5.0,UPI,East,Kolkata,Returned,139,55000,2750.0,52250.0,42000,10111.0,19.351196172248805,52111.0,2025,9,September,Q3
ORD10064,2025-04-24,CUST217,Smartwatch,Electronics,1,5000,3300,10.0,Cash on Delivery,East,Kolkata,Shipped,462,5000,500.0,4500.0,3300,738.0,16.400000000000002,4038.0,2025,4,April,Q2
ORD10065,2025-12-23,CUST099,T-Shirt,Fashion,1,900,500,10.0,Net Banking,West,Mumbai,Delivered,226,900,90.0,810.0,500,84.0,10.37037037037037,584.0,2025,12,December,Q4
ORD10066,2025-04-06,CUST183,Laptop,Electronics,4,55000,42000,20.0,Cash on Delivery,South,Bengaluru,Returned,317,220000,44000.0,176000.0,168000,7683.0,4.365340909090909,175683.0,2025,4,April,Q2
ORD10067,2025-12-27,CUST062,T-Shirt,Fashion,2,900,500,0.0,Net Banking,North,Jaipur,Delivered,418,1800,0.0,1800.0,1000,382.0,21.22222222222222,1382.0,2025,12,December,Q4
ORD10068,2025-01-19,CUST233,Desk,Furniture,1,12000,8500,15.0,Debit Card,East,Patna,Delivered,445,12000,1800.0,10200.0,8500,1255.0,12.30392156862745,9755.0,2025,1,January,Q1
ORD10069,2025-10-11,CUST144,T-Shirt,Fashion,2,900,500,15.0,Cash on Delivery,South,Bengaluru,Shipped,388,1800,270.0,1530.0,1000,142.0,9.281045751633988,1142.0,2025,10,October,Q4
ORD10070,2025-01-25,CUST151,Headphones,Electronics,4,2500,1600,10.0,UPI,East,Bhubaneswar,Returned,102,10000,1000.0,9000.0,6400,2498.0,27.755555555555556,8898.0,2025,1,January,Q1
ORD10071,2025-07-05,CUST163,Office Chair,Furniture,3,8500,6000,5.0,Cash on Delivery,East,Kolkata,Delivered,182,25500,1275.0,24225.0,18000,6043.0,24.9453044375645,24043.0,2025,7,July,Q3
ORD10072,2025-08-27,CUST253,Mixer Grinder,Home Appliances,4,3500,2300,0.0,Cash on Delivery,North,Lucknow,Delivered,123,14000,0.0,14000.0,9200,4677.0,33.40714285714286,13877.0,2025,8,August,Q3
ORD10073,2025-10-10,CUST029,T-Shirt,Fashion,2,900,500,5.0,Cash on Delivery,North,Lucknow,Cancelled,54,1800,90.0,1710.0,1000,656.0,38.3625730994152,1656.0,2025,10,October,Q4
ORD10074,2025-12-31,CUST217,Headphones,Electronics,1,2500,1600,15.0,Cash on Delivery,South,Chennai,Delivered,194,2500,375.0,2125.0,1600,331.0,15.576470588235294,1931.0,2025,12,December,Q4
ORD10075,2025-09-09,CUST182,Smartwatch,Electronics,3,5000,3300,10.0,Debit Card,West,Ahmedabad,Delivered,494,15000,1500.0,13500.0,9900,3106.0,23.007407407407406,13006.0,2025,9,September,Q3
ORD10076,2025-02-08,CUST141,Coffee Maker,Home Appliances,2,4500,3000,10.0,Credit Card,North,Jaipur,Delivered,222,9000,900.0,8100.0,6000,1878.0,23.185185185185187,7878.0,2025,2,February,Q1
ORD10077,2025-11-13,CUST001,Coffee Maker,Home Appliances,3,4500,3000,0.0,Debit Card,West,Mumbai,Shipped,472,13500,0.0,13500.0,9000,4028.0,29.83703703703704,13028.0,2025,11,November,Q4
ORD10078,2025-07-10,CUST117,Bookshelf,Furniture,4,7000,4800,0.0,Credit Card,South,Hyderabad,Delivered,458,28000,0.0,28000.0,19200,8342.0,29.792857142857144,27542.0,2025,7,July,Q3
ORD10079,2025-08-01,CUST164,Office Chair,Furniture,3,8500,6000,15.0,Debit Card,West,Ahmedabad,Delivered,278,25500,3825.0,21675.0,18000,3397.0,15.672433679354095,21397.0,2025,8,August,Q3
ORD10080,2025-02-16,CUST143,Smartwatch,Electronics,1,5000,3300,0.0,UPI,South,Hyderabad,Shipped,63,5000,0.0,5000.0,3300,1637.0,32.74,4937.0,2025,2,February,Q1
ORD10081,2025-09-16,CUST224,Desk,Furniture,4,12000,8500,0.0,Net Banking,West,Ahmedabad,Delivered,61,48000,0.0,48000.0,34000,13939.0,29.039583333333336,47939.0,2025,9,September,Q3
ORD10082,2025-05-02,CUST136,Office Chair,Furniture,4,8500,6000,15.0,Credit Card,South,Chennai,Delivered,139,34000,5100.0,28900.0,24000,4761.0,16.474048442906575,28761.0,2025,5,May,Q2
ORD10083,2025-08-08,CUST192,Smartphone,Electronics,1,25000,19000,0.0,Debit Card,East,Bhubaneswar,Cancelled,277,25000,0.0,25000.0,19000,5723.0,22.892000000000003,24723.0,2025,8,August,Q3
ORD10084,2025-07-31,CUST046,Laptop,Electronics,1,55000,42000,15.0,Debit Card,South,Hyderabad,Shipped,289,55000,8250.0,46750.0,42000,4461.0,9.542245989304812,46461.0,2025,7,July,Q3
ORD10085,2025-09-13,CUST010,Desk,Furniture,1,12000,8500,0.0,Credit Card,North,Lucknow,Delivered,499,12000,0.0,12000.0,8500,3001.0,25.008333333333333,11501.0,2025,9,September,Q3
ORD10086,2025-10-16,CUST224,Office Chair,Furniture,2,8500,6000,0.0,UPI,South,Bengaluru,Delivered,195,17000,0.0,17000.0,12000,4805.0,28.264705882352942,16805.0,2025,10,October,Q4
ORD10087,2025-03-04,CUST177,Office Chair,Furniture,1,8500,6000,10.0,Cash on Delivery,East,Kolkata,Delivered,332,8500,850.0,7650.0,6000,1318.0,17.22875816993464,7318.0,2025,3,March,Q1
ORD10088,2025-04-09,CUST006,Smartphone,Electronics,3,25000,19000,0.0,Net Banking,South,Hyderabad,Delivered,454,75000,0.0,75000.0,57000,17546.0,23.394666666666666,74546.0,2025,4,April,Q2
ORD10089,2025-12-24,CUST053,Office Chair,Furniture,3,8500,6000,20.0,Cash on Delivery,West,Pune,Delivered,72,25500,5100.0,20400.0,18000,2328.0,11.411764705882353,20328.0,2025,12,December,Q4
ORD10090,2025-05-25,CUST001,Coffee Maker,Home Appliances,1,4500,3000,0.0,Debit Card,North,Jaipur,Shipped,415,4500,0.0,4500.0,3000,1085.0,24.11111111111111,4085.0,2025,5,May,Q2
ORD10091,2025-10-15,CUST072,Smartwatch,Electronics,2,5000,3300,15.0,Credit Card,North,Delhi,Delivered,144,10000,1500.0,8500.0,6600,1756.0,20.658823529411766,8356.0,2025,10,October,Q4
ORD10092,2025-04-28,CUST268,Smartphone,Electronics,3,25000,19000,10.0,UPI,West,Ahmedabad,Cancelled,355,75000,7500.0,67500.0,57000,10145.0,15.029629629629628,67145.0,2025,4,April,Q2
ORD10093,2025-08-10,CUST112,Bookshelf,Furniture,3,7000,4800,0.0,Cash on Delivery,West,Pune,Shipped,450,21000,0.0,21000.0,14400,6150.0,29.28571428571429,20550.0,2025,8,August,Q3
ORD10094,2025-04-13,CUST294,Smartphone,Electronics,2,25000,19000,15.0,Credit Card,East,Patna,Delivered,275,50000,7500.0,42500.0,38000,4225.0,9.941176470588236,42225.0,2025,4,April,Q2
ORD10095,2025-11-04,CUST030,Smartphone,Electronics,1,25000,19000,0.0,Credit Card,East,Patna,Delivered,384,25000,0.0,25000.0,19000,5616.0,22.464000000000002,24616.0,2025,11,November,Q4
ORD10096,2025-10-12,CUST273,Laptop,Electronics,4,55000,42000,5.0,Net Banking,West,Pune,Delivered,233,220000,11000.0,209000.0,168000,40767.0,19.50574162679426,208767.0,2025,10,October,Q4
ORD10097,2025-02-03,CUST205,Shoes,Fashion,2,3500,2200,20.0,Debit Card,West,Pune,Delivered,499,7000,1400.0,5600.0,4400,701.0,12.517857142857142,5101.0,2025,2,February,Q1
ORD10098,2025-04-21,CUST008,Mixer Grinder,Home Appliances,1,3500,2300,10.0,Net Banking,North,Jaipur,Delivered,423,3500,350.0,3150.0,2300,427.0,13.555555555555557,2727.0,2025,4,April,Q2
ORD10099,2025-07-14,CUST093,Shoes,Fashion,4,3500,2200,10.0,Credit Card,South,Hyderabad,Shipped,204,14000,1400.0,12600.0,8800,3596.0,28.539682539682538,12396.0,2025,7,July,Q3
ORD10100,2025-10-04,CUST170,Coffee Maker,Home Appliances,1,4500,3000,5.0,Cash on Delivery,North,Jaipur,Cancelled,141,4500,225.0,4275.0,3000,1134.0,26.526315789473685,4134.0,2025,10,October,Q4
ORD10101,2025-01-01,CUST046,Office Chair,Furniture,1,8500,6000,0.0,Credit Card,West,Ahmedabad,Delivered,61,8500,0.0,8500.0,6000,2439.0,28.694117647058825,8439.0,2025,1,January,Q1
ORD10102,2025-03-14,CUST121,Coffee Maker,Home Appliances,2,4500,3000,0.0,Debit Card,East,Patna,Returned,96,9000,0.0,9000.0,6000,2904.0,32.266666666666666,8904.0,2025,3,March,Q1
ORD10103,2025-10-19,CUST253,Laptop,Electronics,1,55000,42000,0.0,Net Banking,East,Kolkata,Returned,404,55000,0.0,55000.0,42000,12596.0,22.901818181818182,54596.0,2025,10,October,Q4
ORD10104,2025-01-14,CUST216,Shoes,Fashion,2,3500,2200,15.0,Credit Card,West,Ahmedabad,Shipped,127,7000,1050.0,5950.0,4400,1423.0,23.915966386554622,5823.0,2025,1,January,Q1
ORD10105,2025-11-08,CUST238,Coffee Maker,Home Appliances,3,4500,3000,10.0,Debit Card,East,Patna,Returned,160,13500,1350.0,12150.0,9000,2990.0,24.609053497942387,11990.0,2025,11,November,Q4
ORD10106,2025-10-21,CUST192,Bookshelf,Furniture,3,7000,4800,10.0,UPI,North,Lucknow,Returned,64,21000,2100.0,18900.0,14400,4436.0,23.47089947089947,18836.0,2025,10,October,Q4
ORD10107,2025-07-21,CUST231,Office Chair,Furniture,3,8500,6000,0.0,Credit Card,East,Bhubaneswar,Cancelled,322,25500,0.0,25500.0,18000,7178.0,28.14901960784314,25178.0,2025,7,July,Q3
ORD10108,2025-05-25,CUST068,Bookshelf,Furniture,1,7000,4800,15.0,Credit Card,South,Hyderabad,Delivered,74,7000,1050.0,5950.0,4800,1076.0,18.084033613445378,5876.0,2025,5,May,Q2
ORD10109,2025-04-21,CUST264,T-Shirt,Fashion,4,900,500,5.0,UPI,North,Lucknow,Delivered,160,3600,180.0,3420.0,2000,1260.0,36.84210526315789,3260.0,2025,4,April,Q2
ORD10110,2025-04-11,CUST226,Headphones,Electronics,2,2500,1600,15.0,Debit Card,East,Kolkata,Delivered,331,5000,750.0,4250.0,3200,719.0,16.91764705882353,3919.0,2025,4,April,Q2
ORD10111,2025-10-16,CUST070,Desk,Furniture,1,12000,8500,20.0,Net Banking,West,Pune,Cancelled,247,12000,2400.0,9600.0,8500,853.0,8.885416666666666,9353.0,2025,10,October,Q4
ORD10112,2025-11-07,CUST031,Mixer Grinder,Home Appliances,1,3500,2300,10.0,Cash on Delivery,South,Chennai,Delivered,292,3500,350.0,3150.0,2300,558.0,17.71428571428571,2858.0,2025,11,November,Q4
ORD10113,2025-11-18,CUST004,Shoes,Fashion,4,3500,2200,15.0,UPI,West,Ahmedabad,Cancelled,124,14000,2100.0,11900.0,8800,2976.0,25.008403361344538,11776.0,2025,11,November,Q4
ORD10114,2025-03-03,CUST203,Shoes,Fashion,1,3500,2200,5.0,Credit Card,West,Ahmedabad,Delivered,384,3500,175.0,3325.0,2200,741.0,22.285714285714285,2941.0,2025,3,March,Q1
ORD10115,2025-11-22,CUST212,Bookshelf,Furniture,2,7000,4800,15.0,UPI,West,Pune,Delivered,324,14000,2100.0,11900.0,9600,1976.0,16.605042016806724,11576.0,2025,11,November,Q4
ORD10116,2025-02-16,CUST038,Laptop,Electronics,1,55000,42000,5.0,Cash on Delivery,East,Bhubaneswar,Cancelled,191,55000,2750.0,52250.0,42000,10059.0,19.251674641148327,52059.0,2025,2,February,Q1
ORD10117,2025-11-29,CUST178,Mixer Grinder,Home Appliances,3,3500,2300,10.0,Credit Card,West,Mumbai,Shipped,210,10500,1050.0,9450.0,6900,2340.0,24.761904761904763,9240.0,2025,11,November,Q4
ORD10118,2025-06-21,CUST130,Backpack,Accessories,2,1800,1100,20.0,Net Banking,East,Kolkata,Delivered,217,3600,720.0,2880.0,2200,463.0,16.07638888888889,2663.0,2025,6,June,Q2
ORD10119,2025-09-30,CUST038,Office Chair,Furniture,1,8500,6000,10.0,Debit Card,South,Hyderabad,Cancelled,448,8500,850.0,7650.0,6000,1202.0,15.712418300653594,7202.0,2025,9,September,Q3
ORD10120,2025-11-14,CUST137,Laptop,Electronics,4,55000,42000,15.0,Credit Card,West,Pune,Delivered,483,220000,33000.0,187000.0,168000,18517.0,9.902139037433155,186517.0,2025,11,November,Q4
ORD10121,2025-01-01,CUST267,Headphones,Electronics,4,2500,1600,15.0,UPI,North,Jaipur,Shipped,369,10000,1500.0,8500.0,6400,1731.0,20.36470588235294,8131.0,2025,1,January,Q1
ORD10122,2025-08-01,CUST078,Bookshelf,Furniture,1,7000,4800,20.0,Credit Card,North,Jaipur,Cancelled,388,7000,1400.0,5600.0,4800,412.0,7.357142857142857,5212.0,2025,8,August,Q3
ORD10123,2025-08-25,CUST296,Smartwatch,Electronics,2,5000,3300,0.0,Debit Card,South,Hyderabad,Shipped,451,10000,0.0,10000.0,6600,2949.0,29.49,9549.0,2025,8,August,Q3
ORD10124,2025-01-23,CUST145,Desk,Furniture,3,12000,8500,0.0,UPI,North,Delhi,Returned,202,36000,0.0,36000.0,25500,10298.0,28.605555555555558,35798.0,2025,1,January,Q1
ORD10125,2025-11-05,CUST198,Backpack,Accessories,4,1800,1100,10.0,Debit Card,North,Lucknow,Returned,88,7200,720.0,6480.0,4400,1992.0,30.74074074074074,6392.0,2025,11,November,Q4
ORD10126,2025-02-11,CUST111,Headphones,Electronics,4,2500,1600,15.0,Cash on Delivery,South,Chennai,Delivered,64,10000,1500.0,8500.0,6400,2036.0,23.95294117647059,8436.0,2025,2,February,Q1
ORD10127,2025-06-06,CUST289,Smartwatch,Electronics,2,5000,3300,0.0,Net Banking,South,Bengaluru,Cancelled,146,10000,0.0,10000.0,6600,3254.0,32.54,9854.0,2025,6,June,Q2
ORD10128,2025-01-05,CUST118,Smartphone,Electronics,3,25000,19000,5.0,Cash on Delivery,East,Kolkata,Returned,402,75000,3750.0,71250.0,57000,13848.0,19.435789473684213,70848.0,2025,1,January,Q1
ORD10129,2025-07-03,CUST261,Smartwatch,Electronics,3,5000,3300,20.0,Cash on Delivery,South,Chennai,Returned,185,15000,3000.0,12000.0,9900,1915.0,15.958333333333332,11815.0,2025,7,July,Q3
ORD10130,2025-06-22,CUST115,Smartwatch,Electronics,2,5000,3300,10.0,Debit Card,East,Bhubaneswar,Delivered,144,10000,1000.0,9000.0,6600,2256.0,25.066666666666666,8856.0,2025,6,June,Q2
ORD10131,2025-10-26,CUST011,Smartwatch,Electronics,3,5000,3300,20.0,Credit Card,East,Kolkata,Cancelled,197,15000,3000.0,12000.0,9900,1903.0,15.858333333333333,11803.0,2025,10,October,Q4
ORD10132,2025-01-23,CUST218,Desk,Furniture,3,12000,8500,5.0,Cash on Delivery,South,Chennai,Cancelled,351,36000,1800.0,34200.0,25500,8349.0,24.412280701754383,33849.0,2025,1,January,Q1
ORD10133,2025-04-21,CUST133,Smartphone,Electronics,4,25000,19000,15.0,Cash on Delivery,South,Hyderabad,Returned,220,100000,15000.0,85000.0,76000,8780.0,10.329411764705883,84780.0,2025,4,April,Q2
ORD10134,2025-04-02,CUST051,Coffee Maker,Home Appliances,3,4500,3000,5.0,Cash on Delivery,North,Delhi,Cancelled,442,13500,675.0,12825.0,9000,3383.0,26.378167641325533,12383.0,2025,4,April,Q2
ORD10135,2025-08-02,CUST101,Shoes,Fashion,3,3500,2200,0.0,Cash on Delivery,South,Hyderabad,Delivered,351,10500,0.0,10500.0,6600,3549.0,33.800000000000004,10149.0,2025,8,August,Q3
ORD10136,2025-11-09,CUST149,Smartwatch,Electronics,1,5000,3300,10.0,UPI,West,Ahmedabad,Shipped,473,5000,500.0,4500.0,3300,727.0,16.155555555555555,4027.0,2025,11,November,Q4
ORD10137,2025-11-09,CUST291,T-Shirt,Fashion,1,900,500,5.0,Net Banking,East,Kolkata,Delivered,474,900,45.0,855.0,500,-119.0,-13.91812865497076,381.0,2025,11,November,Q4
ORD10138,2025-10-21,CUST017,Coffee Maker,Home Appliances,2,4500,3000,5.0,Debit Card,East,Patna,Delivered,467,9000,450.0,8550.0,6000,2083.0,24.362573099415204,8083.0,2025,10,October,Q4
ORD10139,2025-06-28,CUST198,Bookshelf,Furniture,2,7000,4800,0.0,Cash on Delivery,East,Patna,Delivered,229,14000,0.0,14000.0,9600,4171.0,29.792857142857144,13771.0,2025,6,June,Q2
ORD10140,2025-05-30,CUST049,Laptop,Electronics,2,55000,42000,15.0,UPI,East,Patna,Delivered,419,110000,16500.0,93500.0,84000,9081.0,9.71229946524064,93081.0,2025,5,May,Q2
ORD10141,2025-05-28,CUST189,T-Shirt,Fashion,2,900,500,15.0,UPI,North,Delhi,Returned,112,1800,270.0,1530.0,1000,418.0,27.320261437908496,1418.0,2025,5,May,Q2
ORD10142,2025-07-30,CUST286,Laptop,Electronics,2,55000,42000,20.0,Debit Card,South,Bengaluru,Delivered,354,110000,22000.0,88000.0,84000,3646.0,4.143181818181818,87646.0,2025,7,July,Q3
ORD10143,2025-06-24,CUST114,Laptop,Electronics,2,55000,42000,5.0,Debit Card,North,Jaipur,Returned,162,110000,5500.0,104500.0,84000,20338.0,19.4622009569378,104338.0,2025,6,June,Q2
ORD10144,2025-09-21,CUST266,Smartwatch,Electronics,1,5000,3300,10.0,Credit Card,North,Delhi,Delivered,337,5000,500.0,4500.0,3300,863.0,19.177777777777777,4163.0,2025,9,September,Q3
ORD10145,2025-03-28,CUST178,Smartphone,Electronics,3,25000,19000,15.0,Cash on Delivery,East,Bhubaneswar,Delivered,337,75000,11250.0,63750.0,57000,6413.0,10.059607843137256,63413.0,2025,3,March,Q1
ORD10146,2025-11-19,CUST054,T-Shirt,Fashion,4,900,500,10.0,UPI,South,Bengaluru,Returned,304,3600,360.0,3240.0,2000,936.0,28.888888888888886,2936.0,2025,11,November,Q4
ORD10147,2025-02-20,CUST291,Office Chair,Furniture,1,8500,6000,15.0,Debit Card,North,Jaipur,Delivered,313,8500,1275.0,7225.0,6000,912.0,12.622837370242216,6912.0,2025,2,February,Q1
ORD10148,2025-07-01,CUST263,Smartwatch,Electronics,1,5000,3300,5.0,UPI,West,Pune,Returned,56,5000,250.0,4750.0,3300,1394.0,29.347368421052632,4694.0,2025,7,July,Q3
ORD10149,2025-04-22,CUST285,Office Chair,Furniture,1,8500,6000,10.0,Net Banking,North,Jaipur,Delivered,85,8500,850.0,7650.0,6000,1565.0,20.45751633986928,7565.0,2025,4,April,Q2
ORD10150,2025-10-30,CUST234,Smartphone,Electronics,1,25000,19000,15.0,Credit Card,North,Delhi,Delivered,60,25000,3750.0,21250.0,19000,2190.0,10.305882352941175,21190.0,2025,10,October,Q4
ORD10151,2025-01-20,CUST256,Backpack,Accessories,1,1800,1100,20.0,UPI,South,Bengaluru,Delivered,471,1800,360.0,1440.0,1100,-131.0,-9.097222222222221,969.0,2025,1,January,Q1
ORD10152,2025-12-21,CUST280,Office Chair,Furniture,4,8500,6000,5.0,UPI,East,Bhubaneswar,Delivered,391,34000,1700.0,32300.0,24000,7909.0,24.486068111455108,31909.0,2025,12,December,Q4
ORD10153,2025-08-03,CUST115,Shoes,Fashion,4,3500,2200,0.0,UPI,East,Patna,Cancelled,419,14000,0.0,14000.0,8800,4781.0,34.150000000000006,13581.0,2025,8,August,Q3
ORD10154,2025-08-25,CUST278,T-Shirt,Fashion,1,900,500,0.0,Debit Card,South,Chennai,Cancelled,295,900,0.0,900.0,500,105.0,11.666666666666666,605.0,2025,8,August,Q3
ORD10155,2025-01-29,CUST293,Smartwatch,Electronics,1,5000,3300,5.0,Debit Card,East,Kolkata,Cancelled,264,5000,250.0,4750.0,3300,1186.0,24.96842105263158,4486.0,2025,1,January,Q1
ORD10156,2025-02-11,CUST034,Smartphone,Electronics,4,25000,19000,0.0,UPI,West,Pune,Shipped,471,100000,0.0,100000.0,76000,23529.0,23.529,99529.0,2025,2,February,Q1
ORD10157,2025-03-17,CUST027,T-Shirt,Fashion,3,900,500,20.0,UPI,West,Ahmedabad,Returned,411,2700,540.0,2160.0,1500,249.0,11.527777777777779,1749.0,2025,3,March,Q1
ORD10158,2025-06-17,CUST173,Desk,Furniture,2,12000,8500,15.0,UPI,East,Patna,Delivered,286,24000,3600.0,20400.0,17000,3114.0,15.264705882352942,20114.0,2025,6,June,Q2
ORD10159,2025-07-09,CUST193,Office Chair,Furniture,2,8500,6000,5.0,Debit Card,East,Bhubaneswar,Shipped,359,17000,850.0,16150.0,12000,3791.0,23.473684210526315,15791.0,2025,7,July,Q3
ORD10160,2025-10-09,CUST296,Smartwatch,Electronics,1,5000,3300,20.0,Debit Card,North,Jaipur,Delivered,316,5000,1000.0,4000.0,3300,384.0,9.6,3684.0,2025,10,October,Q4
ORD10161,2025-10-22,CUST098,Laptop,Electronics,4,55000,42000,10.0,Cash on Delivery,East,Patna,Delivered,359,220000,22000.0,198000.0,168000,29641.0,14.97020202020202,197641.0,2025,10,October,Q4
ORD10162,2025-08-27,CUST244,Coffee Maker,Home Appliances,4,4500,3000,10.0,Debit Card,West,Mumbai,Delivered,276,18000,1800.0,16200.0,12000,3924.0,24.22222222222222,15924.0,2025,8,August,Q3
ORD10163,2025-07-20,CUST201,Mixer Grinder,Home Appliances,2,3500,2300,5.0,UPI,East,Patna,Delivered,122,7000,350.0,6650.0,4600,1928.0,28.992481203007518,6528.0,2025,7,July,Q3
ORD10164,2025-04-14,CUST291,T-Shirt,Fashion,2,900,500,0.0,Debit Card,East,Patna,Delivered,88,1800,0.0,1800.0,1000,712.0,39.55555555555556,1712.0,2025,4,April,Q2
ORD10165,2025-06-21,CUST275,Office Chair,Furniture,3,8500,6000,5.0,Cash on Delivery,East,Bhubaneswar,Delivered,61,25500,1275.0,24225.0,18000,6164.0,25.444788441692467,24164.0,2025,6,June,Q2
ORD10166,2025-11-01,CUST057,Mixer Grinder,Home Appliances,1,3500,2300,0.0,UPI,East,Patna,Returned,379,3500,0.0,3500.0,2300,821.0,23.457142857142856,3121.0,2025,11,November,Q4
ORD10167,2025-12-05,CUST215,Bookshelf,Furniture,4,7000,4800,20.0,Cash on Delivery,South,Chennai,Cancelled,130,28000,5600.0,22400.0,19200,3070.0,13.705357142857144,22270.0,2025,12,December,Q4
ORD10168,2025-01-25,CUST143,Desk,Furniture,2,12000,8500,0.0,Debit Card,South,Chennai,Delivered,317,24000,0.0,24000.0,17000,6683.0,27.84583333333333,23683.0,2025,1,January,Q1
ORD10169,2025-02-16,CUST199,T-Shirt,Fashion,4,900,500,5.0,UPI,East,Kolkata,Returned,65,3600,180.0,3420.0,2000,1355.0,39.61988304093567,3355.0,2025,2,February,Q1
ORD10170,2025-03-27,CUST137,Coffee Maker,Home Appliances,2,4500,3000,20.0,Debit Card,West,Pune,Delivered,56,9000,1800.0,7200.0,6000,1144.0,15.88888888888889,7144.0,2025,3,March,Q1
ORD10171,2025-03-23,CUST103,Mixer Grinder,Home Appliances,3,3500,2300,15.0,UPI,South,Bengaluru,Cancelled,472,10500,1575.0,8925.0,6900,1553.0,17.400560224089638,8453.0,2025,3,March,Q1
ORD10172,2025-04-18,CUST131,Shoes,Fashion,4,3500,2200,20.0,Cash on Delivery,North,Jaipur,Delivered,147,14000,2800.0,11200.0,8800,2253.0,20.116071428571427,11053.0,2025,4,April,Q2
ORD10173,2025-07-02,CUST015,Shoes,Fashion,3,3500,2200,15.0,UPI,East,Kolkata,Delivered,88,10500,1575.0,8925.0,6600,2237.0,25.064425770308123,8837.0,2025,7,July,Q3
ORD10174,2025-07-29,CUST108,Desk,Furniture,1,12000,8500,20.0,Credit Card,South,Hyderabad,Returned,475,12000,2400.0,9600.0,8500,625.0,6.510416666666667,9125.0,2025,7,July,Q3
ORD10175,2025-02-03,CUST269,Headphones,Electronics,2,2500,1600,10.0,Cash on Delivery,East,Kolkata,Delivered,296,5000,500.0,4500.0,3200,1004.0,22.311111111111114,4204.0,2025,2,February,Q1
ORD10176,2025-02-08,CUST245,Headphones,Electronics,2,2500,1600,15.0,Net Banking,East,Patna,Delivered,78,5000,750.0,4250.0,3200,972.0,22.870588235294118,4172.0,2025,2,February,Q1
ORD10177,2025-08-27,CUST065,Shoes,Fashion,1,3500,2200,5.0,UPI,East,Bhubaneswar,Delivered,463,3500,175.0,3325.0,2200,662.0,19.909774436090224,2862.0,2025,8,August,Q3
ORD10178,2025-11-20,CUST193,Shoes,Fashion,2,3500,2200,20.0,Cash on Delivery,North,Lucknow,Cancelled,202,7000,1400.0,5600.0,4400,998.0,17.821428571428573,5398.0,2025,11,November,Q4
ORD10179,2025-12-10,CUST293,T-Shirt,Fashion,4,900,500,15.0,Cash on Delivery,North,Delhi,Shipped,236,3600,540.0,3060.0,2000,824.0,26.9281045751634,2824.0,2025,12,December,Q4
ORD10180,2025-07-17,CUST226,Mixer Grinder,Home Appliances,3,3500,2300,10.0,UPI,East,Bhubaneswar,Returned,111,10500,1050.0,9450.0,6900,2439.0,25.80952380952381,9339.0,2025,7,July,Q3
ORD10181,2025-02-28,CUST063,Smartwatch,Electronics,4,5000,3300,15.0,Cash on Delivery,West,Mumbai,Delivered,398,20000,3000.0,17000.0,13200,3402.0,20.011764705882353,16602.0,2025,2,February,Q1
ORD10182,2025-08-14,CUST241,Coffee Maker,Home Appliances,1,4500,3000,5.0,Credit Card,East,Patna,Delivered,474,4500,225.0,4275.0,3000,801.0,18.736842105263158,3801.0,2025,8,August,Q3
ORD10183,2025-01-05,CUST099,Shoes,Fashion,1,3500,2200,0.0,Net Banking,West,Ahmedabad,Delivered,58,3500,0.0,3500.0,2200,1242.0,35.48571428571429,3442.0,2025,1,January,Q1
ORD10184,2025-06-27,CUST003,Laptop,Electronics,2,55000,42000,0.0,Debit Card,East,Patna,Cancelled,265,110000,0.0,110000.0,84000,25735.0,23.395454545454545,109735.0,2025,6,June,Q2
ORD10185,2025-11-25,CUST267,Shoes,Fashion,4,3500,2200,20.0,UPI,South,Hyderabad,Delivered,147,14000,2800.0,11200.0,8800,2253.0,20.116071428571427,11053.0,2025,11,November,Q4
ORD10186,2025-01-29,CUST226,Mixer Grinder,Home Appliances,1,3500,2300,10.0,Net Banking,East,Bhubaneswar,Delivered,458,3500,350.0,3150.0,2300,392.0,12.444444444444445,2692.0,2025,1,January,Q1
ORD10187,2025-01-25,CUST226,T-Shirt,Fashion,1,900,500,10.0,Net Banking,South,Chennai,Returned,492,900,90.0,810.0,500,-182.0,-22.469135802469136,318.0,2025,1,January,Q1
ORD10188,2025-09-08,CUST037,Desk,Furniture,1,12000,8500,5.0,Net Banking,South,Chennai,Shipped,451,12000,600.0,11400.0,8500,2449.0,21.482456140350877,10949.0,2025,9,September,Q3
ORD10189,2025-03-22,CUST115,Bookshelf,Furniture,2,7000,4800,20.0,Credit Card,West,Pune,Delivered,273,14000,2800.0,11200.0,9600,1327.0,11.848214285714285,10927.0,2025,3,March,Q1
ORD10190,2025-12-20,CUST289,Shoes,Fashion,4,3500,2200,10.0,Debit Card,South,Chennai,Delivered,286,14000,1400.0,12600.0,8800,3514.0,27.88888888888889,12314.0,2025,12,December,Q4
ORD10191,2025-02-28,CUST045,Laptop,Electronics,4,55000,42000,0.0,UPI,East,Patna,Shipped,318,220000,0.0,220000.0,168000,51682.0,23.491818181818182,219682.0,2025,2,February,Q1
ORD10192,2025-07-10,CUST133,Coffee Maker,Home Appliances,3,4500,3000,15.0,Debit Card,West,Mumbai,Shipped,56,13500,2025.0,11475.0,9000,2419.0,21.08061002178649,11419.0,2025,7,July,Q3
ORD10193,2025-01-31,CUST160,Coffee Maker,Home Appliances,3,4500,3000,5.0,Debit Card,South,Hyderabad,Shipped,443,13500,675.0,12825.0,9000,3382.0,26.37037037037037,12382.0,2025,1,January,Q1
ORD10194,2025-12-22,CUST295,Backpack,Accessories,2,1800,1100,20.0,Credit Card,North,Lucknow,Shipped,61,3600,720.0,2880.0,2200,619.0,21.493055555555557,2819.0,2025,12,December,Q4
ORD10195,2025-08-21,CUST163,Mixer Grinder,Home Appliances,1,3500,2300,5.0,Debit Card,North,Delhi,Cancelled,237,3500,175.0,3325.0,2300,788.0,23.69924812030075,3088.0,2025,8,August,Q3
ORD10196,2025-08-21,CUST060,Backpack,Accessories,4,1800,1100,5.0,Cash on Delivery,East,Kolkata,Shipped,368,7200,360.0,6840.0,4400,2072.0,30.292397660818715,6472.0,2025,8,August,Q3
ORD10197,2025-12-18,CUST219,Desk,Furniture,4,12000,8500,5.0,UPI,West,Mumbai,Delivered,373,48000,2400.0,45600.0,34000,11227.0,24.62061403508772,45227.0,2025,12,December,Q4
ORD10198,2025-07-12,CUST210,Desk,Furniture,2,12000,8500,5.0,Credit Card,North,Delhi,Cancelled,169,24000,1200.0,22800.0,17000,5631.0,24.69736842105263,22631.0,2025,7,July,Q3
ORD10199,2025-09-08,CUST007,Bookshelf,Furniture,3,7000,4800,15.0,Cash on Delivery,West,Mumbai,Delivered,430,21000,3150.0,17850.0,14400,3020.0,16.9187675070028,17420.0,2025,9,September,Q3
ORD10200,2025-03-20,CUST026,Laptop,Electronics,4,55000,42000,10.0,Credit Card,West,Ahmedabad,Cancelled,107,220000,22000.0,198000.0,168000,29893.0,15.097474747474749,197893.0,2025,3,March,Q1
ORD10201,2025-04-09,CUST271,Smartphone,Electronics,1,25000,19000,0.0,Cash on Delivery,West,Mumbai,Shipped,88,25000,0.0,25000.0,19000,5912.0,23.648,24912.0,2025,4,April,Q2
ORD10202,2025-10-15,CUST027,Mixer Grinder,Home Appliances,2,3500,2300,15.0,Debit Card,West,Mumbai,Delivered,71,7000,1050.0,5950.0,4600,1279.0,21.49579831932773,5879.0,2025,10,October,Q4
ORD10203,2025-04-02,CUST084,Bookshelf,Furniture,1,7000,4800,20.0,Debit Card,South,Chennai,Delivered,352,7000,1400.0,5600.0,4800,448.0,8.0,5248.0,2025,4,April,Q2
ORD10204,2025-09-14,CUST015,Office Chair,Furniture,2,8500,6000,15.0,Credit Card,North,Jaipur,Shipped,471,17000,2550.0,14450.0,12000,1979.0,13.695501730103807,13979.0,2025,9,September,Q3
ORD10205,2025-10-08,CUST271,Headphones,Electronics,4,2500,1600,15.0,Net Banking,North,Delhi,Delivered,323,10000,1500.0,8500.0,6400,1777.0,20.905882352941177,8177.0,2025,10,October,Q4
ORD10206,2025-05-25,CUST079,Shoes,Fashion,1,3500,2200,20.0,Debit Card,East,Bhubaneswar,Cancelled,57,3500,700.0,2800.0,2200,543.0,19.392857142857142,2743.0,2025,5,May,Q2
ORD10207,2025-07-18,CUST181,Smartphone,Electronics,3,25000,19000,20.0,Net Banking,West,Mumbai,Delivered,497,75000,15000.0,60000.0,57000,2503.0,4.171666666666667,59503.0,2025,7,July,Q3
ORD10208,2025-02-15,CUST206,Headphones,Electronics,3,2500,1600,0.0,UPI,West,Mumbai,Cancelled,271,7500,0.0,7500.0,4800,2429.0,32.38666666666667,7229.0,2025,2,February,Q1
ORD10209,2025-08-16,CUST214,Bookshelf,Furniture,1,7000,4800,0.0,Cash on Delivery,West,Mumbai,Shipped,493,7000,0.0,7000.0,4800,1707.0,24.385714285714286,6507.0,2025,8,August,Q3
ORD10210,2025-03-13,CUST072,Smartphone,Electronics,3,25000,19000,20.0,Cash on Delivery,South,Chennai,Delivered,258,75000,15000.0,60000.0,57000,2742.0,4.569999999999999,59742.0,2025,3,March,Q1
ORD10211,2025-02-01,CUST289,Smartphone,Electronics,3,25000,19000,20.0,Net Banking,West,Ahmedabad,Cancelled,266,75000,15000.0,60000.0,57000,2734.0,4.556666666666667,59734.0,2025,2,February,Q1
ORD10212,2025-09-24,CUST041,T-Shirt,Fashion,2,900,500,10.0,UPI,South,Chennai,Delivered,137,1800,180.0,1620.0,1000,483.0,29.814814814814817,1483.0,2025,9,September,Q3
ORD10213,2025-03-27,CUST202,T-Shirt,Fashion,4,900,500,15.0,Credit Card,West,Ahmedabad,Delivered,210,3600,540.0,3060.0,2000,850.0,27.77777777777778,2850.0,2025,3,March,Q1
ORD10214,2025-08-13,CUST077,Laptop,Electronics,1,55000,42000,0.0,Net Banking,North,Lucknow,Delivered,463,55000,0.0,55000.0,42000,12537.0,22.794545454545453,54537.0,2025,8,August,Q3
ORD10215,2025-07-13,CUST122,Desk,Furniture,2,12000,8500,5.0,Credit Card,South,Bengaluru,Returned,223,24000,1200.0,22800.0,17000,5577.0,24.460526315789473,22577.0,2025,7,July,Q3
ORD10216,2025-11-01,CUST123,Smartphone,Electronics,4,25000,19000,10.0,UPI,East,Kolkata,Cancelled,366,100000,10000.0,90000.0,76000,13634.0,15.148888888888889,89634.0,2025,11,November,Q4
ORD10217,2025-08-11,CUST204,T-Shirt,Fashion,4,900,500,0.0,Credit Card,South,Bengaluru,Delivered,419,3600,0.0,3600.0,2000,1181.0,32.80555555555556,3181.0,2025,8,August,Q3
ORD10218,2025-01-07,CUST022,Smartwatch,Electronics,3,5000,3300,15.0,Credit Card,East,Patna,Returned,257,15000,2250.0,12750.0,9900,2593.0,20.337254901960787,12493.0,2025,1,January,Q1
ORD10219,2025-07-07,CUST087,Headphones,Electronics,2,2500,1600,10.0,Net Banking,South,Hyderabad,Shipped,61,5000,500.0,4500.0,3200,1239.0,27.53333333333333,4439.0,2025,7,July,Q3
ORD10220,2025-05-02,CUST221,T-Shirt,Fashion,3,900,500,15.0,Cash on Delivery,North,Jaipur,Returned,222,2700,405.0,2295.0,1500,573.0,24.96732026143791,2073.0,2025,5,May,Q2
ORD10221,2025-03-23,CUST150,Headphones,Electronics,2,2500,1600,5.0,Cash on Delivery,East,Bhubaneswar,Delivered,260,5000,250.0,4750.0,3200,1290.0,27.157894736842103,4490.0,2025,3,March,Q1
ORD10222,2025-07-21,CUST093,Mixer Grinder,Home Appliances,3,3500,2300,10.0,UPI,North,Jaipur,Returned,494,10500,1050.0,9450.0,6900,2056.0,21.756613756613756,8956.0,2025,7,July,Q3
ORD10223,2025-12-16,CUST024,Bookshelf,Furniture,1,7000,4800,5.0,Net Banking,North,Delhi,Shipped,494,7000,350.0,6650.0,4800,1356.0,20.390977443609025,6156.0,2025,12,December,Q4
ORD10224,2025-12-30,CUST152,Smartwatch,Electronics,2,5000,3300,15.0,Credit Card,East,Bhubaneswar,Delivered,493,10000,1500.0,8500.0,6600,1407.0,16.552941176470586,8007.0,2025,12,December,Q4
ORD10225,2025-09-07,CUST066,Headphones,Electronics,1,2500,1600,5.0,Credit Card,South,Hyderabad,Delivered,277,2500,125.0,2375.0,1600,498.0,20.968421052631577,2098.0,2025,9,September,Q3
ORD10226,2025-08-31,CUST125,Desk,Furniture,3,12000,8500,5.0,Net Banking,South,Bengaluru,Delivered,295,36000,1800.0,34200.0,25500,8405.0,24.576023391812864,33905.0,2025,8,August,Q3
ORD10227,2025-01-21,CUST282,Smartphone,Electronics,3,25000,19000,0.0,Net Banking,South,Chennai,Cancelled,404,75000,0.0,75000.0,57000,17596.0,23.461333333333336,74596.0,2025,1,January,Q1
ORD10228,2025-01-14,CUST293,Backpack,Accessories,2,1800,1100,5.0,Cash on Delivery,East,Kolkata,Cancelled,424,3600,180.0,3420.0,2200,796.0,23.27485380116959,2996.0,2025,1,January,Q1
ORD10229,2025-11-12,CUST130,T-Shirt,Fashion,1,900,500,0.0,UPI,West,Ahmedabad,Delivered,133,900,0.0,900.0,500,267.0,29.666666666666668,767.0,2025,11,November,Q4
ORD10230,2025-01-28,CUST261,T-Shirt,Fashion,2,900,500,10.0,UPI,South,Hyderabad,Delivered,278,1800,180.0,1620.0,1000,342.0,21.11111111111111,1342.0,2025,1,January,Q1
ORD10231,2025-10-28,CUST195,Shoes,Fashion,3,3500,2200,10.0,Credit Card,West,Mumbai,Shipped,59,10500,1050.0,9450.0,6600,2791.0,29.534391534391535,9391.0,2025,10,October,Q4
ORD10232,2025-12-16,CUST276,Coffee Maker,Home Appliances,1,4500,3000,0.0,Debit Card,East,Bhubaneswar,Delivered,182,4500,0.0,4500.0,3000,1318.0,29.288888888888888,4318.0,2025,12,December,Q4
ORD10233,2025-03-05,CUST121,Laptop,Electronics,2,55000,42000,15.0,Debit Card,South,Hyderabad,Shipped,333,110000,16500.0,93500.0,84000,9167.0,9.80427807486631,93167.0,2025,3,March,Q1
ORD10234,2025-06-14,CUST044,Office Chair,Furniture,1,8500,6000,0.0,Net Banking,East,Bhubaneswar,Returned,169,8500,0.0,8500.0,6000,2331.0,27.423529411764708,8331.0,2025,6,June,Q2
ORD10235,2025-09-08,CUST130,Desk,Furniture,1,12000,8500,15.0,UPI,East,Bhubaneswar,Returned,419,12000,1800.0,10200.0,8500,1281.0,12.558823529411764,9781.0,2025,9,September,Q3
ORD10236,2025-10-09,CUST035,Office Chair,Furniture,1,8500,6000,0.0,Cash on Delivery,West,Mumbai,Shipped,168,8500,0.0,8500.0,6000,2332.0,27.435294117647057,8332.0,2025,10,October,Q4
ORD10237,2025-06-10,CUST012,Mixer Grinder,Home Appliances,1,3500,2300,10.0,Credit Card,West,Pune,Delivered,255,3500,350.0,3150.0,2300,595.0,18.88888888888889,2895.0,2025,6,June,Q2
ORD10238,2025-08-04,CUST217,Office Chair,Furniture,3,8500,6000,10.0,Credit Card,North,Lucknow,Shipped,175,25500,2550.0,22950.0,18000,4775.0,20.806100217864923,22775.0,2025,8,August,Q3
ORD10239,2025-08-11,CUST294,T-Shirt,Fashion,4,900,500,10.0,Net Banking,South,Bengaluru,Returned,227,3600,360.0,3240.0,2000,1013.0,31.265432098765434,3013.0,2025,8,August,Q3
ORD10240,2025-08-22,CUST129,Smartwatch,Electronics,4,5000,3300,5.0,Cash on Delivery,North,Lucknow,Cancelled,390,20000,1000.0,19000.0,13200,5410.0,28.47368421052632,18610.0,2025,8,August,Q3
ORD10241,2025-06-24,CUST119,Office Chair,Furniture,2,8500,6000,0.0,Credit Card,West,Ahmedabad,Delivered,360,17000,0.0,17000.0,12000,4640.0,27.294117647058826,16640.0,2025,6,June,Q2
ORD10242,2025-05-25,CUST289,Coffee Maker,Home Appliances,2,4500,3000,0.0,UPI,North,Lucknow,Delivered,125,9000,0.0,9000.0,6000,2875.0,31.944444444444443,8875.0,2025,5,May,Q2
ORD10243,2025-12-27,CUST192,Office Chair,Furniture,2,8500,6000,15.0,UPI,West,Pune,Delivered,499,17000,2550.0,14450.0,12000,1951.0,13.501730103806228,13951.0,2025,12,December,Q4
ORD10244,2025-06-25,CUST077,T-Shirt,Fashion,1,900,500,0.0,UPI,South,Hyderabad,Delivered,294,900,0.0,900.0,500,106.0,11.777777777777777,606.0,2025,6,June,Q2
ORD10245,2025-04-12,CUST019,Smartwatch,Electronics,2,5000,3300,15.0,Credit Card,North,Lucknow,Delivered,151,10000,1500.0,8500.0,6600,1749.0,20.576470588235292,8349.0,2025,4,April,Q2
ORD10246,2025-12-05,CUST089,T-Shirt,Fashion,1,900,500,10.0,Cash on Delivery,South,Bengaluru,Returned,178,900,90.0,810.0,500,132.0,16.296296296296298,632.0,2025,12,December,Q4
ORD10247,2025-07-18,CUST093,Laptop,Electronics,3,55000,42000,20.0,UPI,East,Bhubaneswar,Delivered,452,165000,33000.0,132000.0,126000,5548.0,4.203030303030303,131548.0,2025,7,July,Q3
ORD10248,2025-10-18,CUST110,Laptop,Electronics,4,55000,42000,5.0,Credit Card,North,Delhi,Delivered,316,220000,11000.0,209000.0,168000,40684.0,19.46602870813397,208684.0,2025,10,October,Q4
ORD10249,2025-03-26,CUST117,T-Shirt,Fashion,2,900,500,5.0,Cash on Delivery,North,Jaipur,Delivered,461,1800,90.0,1710.0,1000,249.0,14.561403508771932,1249.0,2025,3,March,Q1
ORD10250,2025-05-13,CUST228,T-Shirt,Fashion,2,900,500,20.0,Debit Card,East,Bhubaneswar,Returned,349,1800,360.0,1440.0,1000,91.0,6.319444444444445,1091.0,2025,5,May,Q2
ORD10251,2025-12-30,CUST107,Desk,Furniture,3,12000,8500,10.0,Cash on Delivery,North,Lucknow,Delivered,70,36000,3600.0,32400.0,25500,6830.0,21.080246913580247,32330.0,2025,12,December,Q4
ORD10252,2025-07-22,CUST141,T-Shirt,Fashion,3,900,500,15.0,Debit Card,West,Mumbai,Delivered,326,2700,405.0,2295.0,1500,469.0,20.435729847494553,1969.0,2025,7,July,Q3
ORD10253,2025-02-21,CUST239,Smartwatch,Electronics,2,5000,3300,10.0,Net Banking,West,Pune,Delivered,206,10000,1000.0,9000.0,6600,2194.0,24.37777777777778,8794.0,2025,2,February,Q1
ORD10254,2025-06-07,CUST077,Shoes,Fashion,2,3500,2200,5.0,Net Banking,East,Kolkata,Delivered,482,7000,350.0,6650.0,4400,1768.0,26.586466165413537,6168.0,2025,6,June,Q2
ORD10255,2025-09-20,CUST039,T-Shirt,Fashion,3,900,500,15.0,Cash on Delivery,East,Patna,Returned,123,2700,405.0,2295.0,1500,672.0,29.28104575163399,2172.0,2025,9,September,Q3
ORD10256,2025-08-29,CUST036,Backpack,Accessories,2,1800,1100,20.0,Net Banking,South,Chennai,Delivered,347,3600,720.0,2880.0,2200,333.0,11.5625,2533.0,2025,8,August,Q3
ORD10257,2025-11-06,CUST173,Desk,Furniture,1,12000,8500,15.0,Credit Card,South,Bengaluru,Returned,425,12000,1800.0,10200.0,8500,1275.0,12.5,9775.0,2025,11,November,Q4
ORD10258,2025-04-28,CUST026,Mixer Grinder,Home Appliances,1,3500,2300,15.0,UPI,South,Bengaluru,Returned,442,3500,525.0,2975.0,2300,233.0,7.831932773109243,2533.0,2025,4,April,Q2
ORD10259,2025-05-01,CUST152,Coffee Maker,Home Appliances,1,4500,3000,5.0,UPI,South,Chennai,Delivered,121,4500,225.0,4275.0,3000,1154.0,26.994152046783626,4154.0,2025,5,May,Q2
ORD10260,2025-03-09,CUST060,Mixer Grinder,Home Appliances,2,3500,2300,10.0,Credit Card,West,Pune,Delivered,149,7000,700.0,6300.0,4600,1551.0,24.619047619047617,6151.0,2025,3,March,Q1
ORD10261,2025-06-13,CUST242,Smartphone,Electronics,2,25000,19000,0.0,Cash on Delivery,North,Jaipur,Returned,488,50000,0.0,50000.0,38000,11512.0,23.024,49512.0,2025,6,June,Q2
ORD10262,2025-04-18,CUST149,Laptop,Electronics,2,55000,42000,0.0,UPI,North,Jaipur,Cancelled,168,110000,0.0,110000.0,84000,25832.0,23.483636363636364,109832.0,2025,4,April,Q2
ORD10263,2025-06-09,CUST077,Office Chair,Furniture,3,8500,6000,5.0,Cash on Delivery,North,Jaipur,Delivered,127,25500,1275.0,24225.0,18000,6098.0,25.17234262125903,24098.0,2025,6,June,Q2
ORD10264,2025-11-16,CUST042,T-Shirt,Fashion,3,900,500,20.0,Cash on Delivery,North,Lucknow,Returned,195,2700,540.0,2160.0,1500,465.0,21.52777777777778,1965.0,2025,11,November,Q4
ORD10265,2025-10-07,CUST218,T-Shirt,Fashion,4,900,500,10.0,Credit Card,North,Delhi,Returned,117,3600,360.0,3240.0,2000,1123.0,34.660493827160494,3123.0,2025,10,October,Q4
ORD10266,2025-08-17,CUST073,Smartwatch,Electronics,1,5000,3300,15.0,UPI,South,Chennai,Delivered,436,5000,750.0,4250.0,3300,514.0,12.094117647058823,3814.0,2025,8,August,Q3
ORD10267,2025-07-15,CUST130,Desk,Furniture,1,12000,8500,0.0,Net Banking,South,Hyderabad,Shipped,365,12000,0.0,12000.0,8500,3135.0,26.125,11635.0,2025,7,July,Q3
ORD10268,2025-06-09,CUST300,Bookshelf,Furniture,1,7000,4800,5.0,Cash on Delivery,East,Patna,Delivered,116,7000,350.0,6650.0,4800,1734.0,26.075187969924812,6534.0,2025,6,June,Q2
ORD10269,2025-11-22,CUST102,Headphones,Electronics,2,2500,1600,15.0,UPI,West,Ahmedabad,Delivered,307,5000,750.0,4250.0,3200,743.0,17.482352941176472,3943.0,2025,11,November,Q4
ORD10270,2025-10-13,CUST036,Smartphone,Electronics,4,25000,19000,15.0,Cash on Delivery,South,Bengaluru,Shipped,491,100000,15000.0,85000.0,76000,8509.0,10.010588235294117,84509.0,2025,10,October,Q4
ORD10271,2025-07-27,CUST012,T-Shirt,Fashion,2,900,500,0.0,UPI,South,Bengaluru,Delivered,104,1800,0.0,1800.0,1000,696.0,38.666666666666664,1696.0,2025,7,July,Q3
ORD10272,2025-01-03,CUST115,Shoes,Fashion,4,3500,2200,20.0,Cash on Delivery,West,Mumbai,Delivered,328,14000,2800.0,11200.0,8800,2072.0,18.5,10872.0,2025,1,January,Q1
ORD10273,2025-12-30,CUST149,Shoes,Fashion,1,3500,2200,0.0,Net Banking,South,Chennai,Cancelled,335,3500,0.0,3500.0,2200,965.0,27.57142857142857,3165.0,2025,12,December,Q4
ORD10274,2025-08-19,CUST038,Desk,Furniture,4,12000,8500,0.0,Net Banking,North,Lucknow,Delivered,321,48000,0.0,48000.0,34000,13679.0,28.49791666666667,47679.0,2025,8,August,Q3
ORD10275,2025-05-31,CUST258,Smartwatch,Electronics,2,5000,3300,20.0,Debit Card,North,Delhi,Delivered,115,10000,2000.0,8000.0,6600,1285.0,16.0625,7885.0,2025,5,May,Q2
ORD10276,2025-11-27,CUST154,T-Shirt,Fashion,3,900,500,15.0,Net Banking,North,Delhi,Delivered,239,2700,405.0,2295.0,1500,556.0,24.226579520697168,2056.0,2025,11,November,Q4
ORD10277,2025-05-23,CUST244,Backpack,Accessories,2,1800,1100,15.0,Credit Card,West,Ahmedabad,Delivered,150,3600,540.0,3060.0,2200,710.0,23.202614379084967,2910.0,2025,5,May,Q2
ORD10278,2025-06-15,CUST158,Laptop,Electronics,2,55000,42000,20.0,Credit Card,East,Kolkata,Cancelled,340,110000,22000.0,88000.0,84000,3660.0,4.159090909090909,87660.0,2025,6,June,Q2
ORD10279,2025-12-02,CUST073,Desk,Furniture,3,12000,8500,15.0,Cash on Delivery,North,Jaipur,Delivered,63,36000,5400.0,30600.0,25500,5037.0,16.46078431372549,30537.0,2025,12,December,Q4
ORD10280,2025-05-10,CUST276,Smartphone,Electronics,3,25000,19000,5.0,Credit Card,East,Patna,Delivered,255,75000,3750.0,71250.0,57000,13995.0,19.642105263157895,70995.0,2025,5,May,Q2
ORD10281,2025-10-08,CUST095,T-Shirt,Fashion,1,900,500,0.0,UPI,North,Lucknow,Cancelled,213,900,0.0,900.0,500,187.0,20.77777777777778,687.0,2025,10,October,Q4
ORD10282,2025-01-25,CUST025,Desk,Furniture,1,12000,8500,20.0,Net Banking,West,Mumbai,Shipped,441,12000,2400.0,9600.0,8500,659.0,6.864583333333334,9159.0,2025,1,January,Q1
ORD10283,2025-10-15,CUST031,Bookshelf,Furniture,4,7000,4800,15.0,Net Banking,East,Bhubaneswar,Delivered,190,28000,4200.0,23800.0,19200,4410.0,18.529411764705884,23610.0,2025,10,October,Q4
ORD10284,2025-06-09,CUST130,Bookshelf,Furniture,1,7000,4800,10.0,Net Banking,West,Ahmedabad,Returned,303,7000,700.0,6300.0,4800,1197.0,19.0,5997.0,2025,6,June,Q2
ORD10285,2025-01-05,CUST130,Headphones,Electronics,3,2500,1600,5.0,Debit Card,North,Jaipur,Delivered,315,7500,375.0,7125.0,4800,2010.0,28.210526315789476,6810.0,2025,1,January,Q1
ORD10286,2025-03-24,CUST156,Shoes,Fashion,1,3500,2200,10.0,Debit Card,South,Hyderabad,Returned,198,3500,350.0,3150.0,2200,752.0,23.873015873015873,2952.0,2025,3,March,Q1
ORD10287,2025-09-17,CUST221,Bookshelf,Furniture,4,7000,4800,0.0,Net Banking,North,Delhi,Delivered,150,28000,0.0,28000.0,19200,8650.0,30.892857142857146,27850.0,2025,9,September,Q3
ORD10288,2025-08-19,CUST191,Bookshelf,Furniture,2,7000,4800,20.0,Cash on Delivery,West,Ahmedabad,Delivered,165,14000,2800.0,11200.0,9600,1435.0,12.812499999999998,11035.0,2025,8,August,Q3
ORD10289,2025-04-02,CUST133,Backpack,Accessories,2,1800,1100,20.0,Credit Card,East,Patna,Cancelled,135,3600,720.0,2880.0,2200,545.0,18.92361111111111,2745.0,2025,4,April,Q2
ORD10290,2025-09-03,CUST065,Mixer Grinder,Home Appliances,2,3500,2300,20.0,Cash on Delivery,West,Pune,Shipped,187,7000,1400.0,5600.0,4600,813.0,14.517857142857144,5413.0,2025,9,September,Q3
ORD10291,2025-08-01,CUST160,Coffee Maker,Home Appliances,1,4500,3000,5.0,Net Banking,North,Lucknow,Delivered,222,4500,225.0,4275.0,3000,1053.0,24.63157894736842,4053.0,2025,8,August,Q3
ORD10292,2025-07-07,CUST256,Headphones,Electronics,3,2500,1600,20.0,Cash on Delivery,North,Delhi,Delivered,357,7500,1500.0,6000.0,4800,843.0,14.05,5643.0,2025,7,July,Q3
ORD10293,2025-02-21,CUST232,Smartwatch,Electronics,4,5000,3300,15.0,Debit Card,North,Lucknow,Delivered,131,20000,3000.0,17000.0,13200,3669.0,21.58235294117647,16869.0,2025,2,February,Q1
ORD10294,2025-02-11,CUST113,Smartwatch,Electronics,1,5000,3300,5.0,UPI,West,Ahmedabad,Delivered,446,5000,250.0,4750.0,3300,1004.0,21.136842105263156,4304.0,2025,2,February,Q1
ORD10295,2025-05-09,CUST029,Shoes,Fashion,2,3500,2200,15.0,UPI,South,Hyderabad,Delivered,97,7000,1050.0,5950.0,4400,1453.0,24.420168067226893,5853.0,2025,5,May,Q2
ORD10296,2025-08-20,CUST247,Smartphone,Electronics,1,25000,19000,15.0,Credit Card,East,Kolkata,Delivered,252,25000,3750.0,21250.0,19000,1998.0,9.40235294117647,20998.0,2025,8,August,Q3
ORD10297,2025-03-20,CUST173,Desk,Furniture,1,12000,8500,15.0,Debit Card,South,Chennai,Shipped,392,12000,1800.0,10200.0,8500,1308.0,12.823529411764707,9808.0,2025,3,March,Q1
ORD10298,2025-03-28,CUST087,Bookshelf,Furniture,1,7000,4800,20.0,Debit Card,North,Delhi,Delivered,249,7000,1400.0,5600.0,4800,551.0,9.839285714285714,5351.0,2025,3,March,Q1
ORD10299,2025-06-01,CUST277,Headphones,Electronics,1,2500,1600,20.0,Credit Card,South,Chennai,Returned,197,2500,500.0,2000.0,1600,203.0,10.15,1803.0,2025,6,June,Q2
ORD10300,2025-07-30,CUST051,Smartwatch,Electronics,3,5000,3300,10.0,Debit Card,East,Patna,Delivered,77,15000,1500.0,13500.0,9900,3523.0,26.096296296296295,13423.0,2025,7,July,Q3
ORD10301,2025-12-16,CUST111,Office Chair,Furniture,2,8500,6000,5.0,Net Banking,West,Pune,Delivered,87,17000,850.0,16150.0,12000,4063.0,25.157894736842106,16063.0,2025,12,December,Q4
ORD10302,2025-11-25,CUST049,Shoes,Fashion,2,3500,2200,5.0,Net Banking,South,Chennai,Cancelled,500,7000,350.0,6650.0,4400,1750.0,26.31578947368421,6150.0,2025,11,November,Q4
ORD10303,2025-06-18,CUST190,Smartwatch,Electronics,1,5000,3300,5.0,Credit Card,South,Hyderabad,Delivered,168,5000,250.0,4750.0,3300,1282.0,26.989473684210523,4582.0,2025,6,June,Q2
ORD10304,2025-05-20,CUST269,Office Chair,Furniture,3,8500,6000,5.0,Cash on Delivery,West,Mumbai,Returned,423,25500,1275.0,24225.0,18000,5802.0,23.95046439628483,23802.0,2025,5,May,Q2
ORD10305,2025-01-11,CUST183,Bookshelf,Furniture,2,7000,4800,0.0,UPI,North,Lucknow,Delivered,473,14000,0.0,14000.0,9600,3927.0,28.050000000000004,13527.0,2025,1,January,Q1
ORD10306,2025-11-30,CUST278,Shoes,Fashion,4,3500,2200,5.0,Net Banking,East,Patna,Cancelled,163,14000,700.0,13300.0,8800,4337.0,32.609022556390975,13137.0,2025,11,November,Q4
ORD10307,2025-06-21,CUST113,Smartwatch,Electronics,4,5000,3300,10.0,Cash on Delivery,West,Pune,Delivered,223,20000,2000.0,18000.0,13200,4577.0,25.427777777777777,17777.0,2025,6,June,Q2
ORD10308,2025-02-08,CUST018,Coffee Maker,Home Appliances,1,4500,3000,15.0,Cash on Delivery,South,Bengaluru,Shipped,282,4500,675.0,3825.0,3000,543.0,14.19607843137255,3543.0,2025,2,February,Q1
ORD10309,2025-10-29,CUST203,Office Chair,Furniture,4,8500,6000,15.0,Debit Card,South,Chennai,Delivered,273,34000,5100.0,28900.0,24000,4627.0,16.01038062283737,28627.0,2025,10,October,Q4
ORD10310,2025-10-12,CUST029,Desk,Furniture,1,12000,8500,5.0,Cash on Delivery,East,Bhubaneswar,Returned,307,12000,600.0,11400.0,8500,2593.0,22.74561403508772,11093.0,2025,10,October,Q4
ORD10311,2025-02-19,CUST088,Smartwatch,Electronics,3,5000,3300,10.0,Net Banking,East,Patna,Shipped,456,15000,1500.0,13500.0,9900,3144.0,23.288888888888888,13044.0,2025,2,February,Q1
ORD10312,2025-07-08,CUST118,Desk,Furniture,1,12000,8500,10.0,Debit Card,East,Patna,Returned,240,12000,1200.0,10800.0,8500,2060.0,19.074074074074073,10560.0,2025,7,July,Q3
ORD10313,2025-10-08,CUST136,Backpack,Accessories,4,1800,1100,20.0,Credit Card,East,Bhubaneswar,Delivered,160,7200,1440.0,5760.0,4400,1200.0,20.833333333333336,5600.0,2025,10,October,Q4
ORD10314,2025-12-30,CUST104,Shoes,Fashion,1,3500,2200,10.0,Debit Card,North,Delhi,Delivered,498,3500,350.0,3150.0,2200,452.0,14.34920634920635,2652.0,2025,12,December,Q4
ORD10315,2025-01-10,CUST066,Smartphone,Electronics,1,25000,19000,10.0,UPI,East,Patna,Shipped,460,25000,2500.0,22500.0,19000,3040.0,13.51111111111111,22040.0,2025,1,January,Q1
ORD10316,2025-03-27,CUST054,T-Shirt,Fashion,2,900,500,5.0,Net Banking,West,Mumbai,Delivered,363,1800,90.0,1710.0,1000,347.0,20.292397660818715,1347.0,2025,3,March,Q1
ORD10317,2025-01-20,CUST070,T-Shirt,Fashion,3,900,500,10.0,Debit Card,North,Lucknow,Shipped,272,2700,270.0,2430.0,1500,658.0,27.07818930041152,2158.0,2025,1,January,Q1
ORD10318,2025-04-21,CUST024,Coffee Maker,Home Appliances,1,4500,3000,15.0,Debit Card,West,Mumbai,Delivered,69,4500,675.0,3825.0,3000,756.0,19.76470588235294,3756.0,2025,4,April,Q2
ORD10319,2025-11-06,CUST038,Office Chair,Furniture,4,8500,6000,20.0,Net Banking,West,Ahmedabad,Delivered,251,34000,6800.0,27200.0,24000,2949.0,10.841911764705882,26949.0,2025,11,November,Q4
ORD10320,2025-09-30,CUST014,T-Shirt,Fashion,3,900,500,15.0,Debit Card,West,Mumbai,Shipped,270,2700,405.0,2295.0,1500,525.0,22.875816993464053,2025.0,2025,9,September,Q3
ORD10321,2025-09-11,CUST082,Coffee Maker,Home Appliances,4,4500,3000,5.0,Debit Card,South,Bengaluru,Returned,207,18000,900.0,17100.0,12000,4893.0,28.614035087719298,16893.0,2025,9,September,Q3
ORD10322,2025-11-01,CUST152,Bookshelf,Furniture,3,7000,4800,10.0,Cash on Delivery,East,Bhubaneswar,Delivered,455,21000,2100.0,18900.0,14400,4045.0,21.402116402116402,18445.0,2025,11,November,Q4
ORD10323,2025-04-27,CUST019,Coffee Maker,Home Appliances,3,4500,3000,15.0,Cash on Delivery,West,Ahmedabad,Delivered,241,13500,2025.0,11475.0,9000,2234.0,19.468409586056644,11234.0,2025,4,April,Q2
ORD10324,2025-07-02,CUST116,Backpack,Accessories,1,1800,1100,5.0,UPI,North,Delhi,Delivered,368,1800,90.0,1710.0,1100,242.0,14.15204678362573,1342.0,2025,7,July,Q3
ORD10325,2025-10-30,CUST161,Bookshelf,Furniture,3,7000,4800,0.0,UPI,East,Patna,Cancelled,167,21000,0.0,21000.0,14400,6433.0,30.633333333333333,20833.0,2025,10,October,Q4
ORD10326,2025-08-28,CUST198,Smartwatch,Electronics,3,5000,3300,10.0,Net Banking,West,Mumbai,Delivered,448,15000,1500.0,13500.0,9900,3152.0,23.348148148148148,13052.0,2025,8,August,Q3
ORD10327,2025-03-31,CUST138,Backpack,Accessories,4,1800,1100,20.0,Credit Card,South,Hyderabad,Delivered,110,7200,1440.0,5760.0,4400,1250.0,21.70138888888889,5650.0,2025,3,March,Q1
ORD10328,2025-12-16,CUST051,Mixer Grinder,Home Appliances,2,3500,2300,20.0,Cash on Delivery,North,Delhi,Delivered,247,7000,1400.0,5600.0,4600,753.0,13.44642857142857,5353.0,2025,12,December,Q4
ORD10329,2025-10-29,CUST049,Coffee Maker,Home Appliances,2,4500,3000,10.0,Cash on Delivery,North,Jaipur,Delivered,118,9000,900.0,8100.0,6000,1982.0,24.469135802469136,7982.0,2025,10,October,Q4
ORD10330,2025-03-11,CUST231,Office Chair,Furniture,2,8500,6000,15.0,Credit Card,West,Mumbai,Delivered,175,17000,2550.0,14450.0,12000,2275.0,15.7439446366782,14275.0,2025,3,March,Q1
ORD10331,2025-11-09,CUST174,Laptop,Electronics,4,55000,42000,0.0,Net Banking,South,Chennai,Delivered,231,220000,0.0,220000.0,168000,51769.0,23.531363636363636,219769.0,2025,11,November,Q4
ORD10332,2025-01-31,CUST213,Bookshelf,Furniture,4,7000,4800,0.0,Net Banking,South,Hyderabad,Delivered,85,28000,0.0,28000.0,19200,8715.0,31.125000000000004,27915.0,2025,1,January,Q1
ORD10333,2025-06-12,CUST120,Desk,Furniture,3,12000,8500,15.0,Credit Card,East,Bhubaneswar,Cancelled,319,36000,5400.0,30600.0,25500,4781.0,15.624183006535947,30281.0,2025,6,June,Q2
ORD10334,2025-07-24,CUST228,Coffee Maker,Home Appliances,2,4500,3000,15.0,Debit Card,South,Hyderabad,Delivered,378,9000,1350.0,7650.0,6000,1272.0,16.627450980392155,7272.0,2025,7,July,Q3
ORD10335,2025-12-29,CUST178,Smartphone,Electronics,1,25000,19000,20.0,UPI,East,Kolkata,Delivered,245,25000,5000.0,20000.0,19000,755.0,3.775,19755.0,2025,12,December,Q4
ORD10336,2025-05-07,CUST248,Backpack,Accessories,3,1800,1100,5.0,Debit Card,West,Ahmedabad,Delivered,209,5400,270.0,5130.0,3300,1621.0,31.598440545808966,4921.0,2025,5,May,Q2
ORD10337,2025-06-03,CUST021,Shoes,Fashion,4,3500,2200,0.0,Credit Card,South,Bengaluru,Shipped,214,14000,0.0,14000.0,8800,4986.0,35.614285714285714,13786.0,2025,6,June,Q2
ORD10338,2025-08-06,CUST161,Headphones,Electronics,1,2500,1600,0.0,Credit Card,South,Bengaluru,Shipped,452,2500,0.0,2500.0,1600,448.0,17.919999999999998,2048.0,2025,8,August,Q3
ORD10339,2025-11-23,CUST152,Smartwatch,Electronics,2,5000,3300,0.0,Cash on Delivery,East,Kolkata,Shipped,130,10000,0.0,10000.0,6600,3270.0,32.7,9870.0,2025,11,November,Q4
ORD10340,2025-02-12,CUST098,Smartphone,Electronics,1,25000,19000,0.0,Credit Card,East,Bhubaneswar,Delivered,66,25000,0.0,25000.0,19000,5934.0,23.735999999999997,24934.0,2025,2,February,Q1
ORD10341,2025-01-05,CUST098,Coffee Maker,Home Appliances,2,4500,3000,0.0,Debit Card,West,Pune,Shipped,115,9000,0.0,9000.0,6000,2885.0,32.05555555555556,8885.0,2025,1,January,Q1
ORD10342,2025-03-17,CUST138,Backpack,Accessories,4,1800,1100,15.0,Debit Card,West,Ahmedabad,Delivered,108,7200,1080.0,6120.0,4400,1612.0,26.339869281045754,6012.0,2025,3,March,Q1
ORD10343,2025-10-04,CUST068,Laptop,Electronics,4,55000,42000,5.0,Net Banking,South,Bengaluru,Cancelled,432,220000,11000.0,209000.0,168000,40568.0,19.410526315789472,208568.0,2025,10,October,Q4
ORD10344,2025-08-01,CUST270,Shoes,Fashion,3,3500,2200,15.0,Debit Card,South,Chennai,Shipped,141,10500,1575.0,8925.0,6600,2184.0,24.47058823529412,8784.0,2025,8,August,Q3
ORD10345,2025-02-27,CUST066,T-Shirt,Fashion,4,900,500,5.0,UPI,South,Chennai,Cancelled,418,3600,180.0,3420.0,2000,1002.0,29.29824561403509,3002.0,2025,2,February,Q1
ORD10346,2025-02-13,CUST262,Headphones,Electronics,1,2500,1600,5.0,Net Banking,South,Chennai,Returned,276,2500,125.0,2375.0,1600,499.0,21.010526315789473,2099.0,2025,2,February,Q1
ORD10347,2025-06-27,CUST267,T-Shirt,Fashion,3,900,500,10.0,Net Banking,East,Patna,Delivered,246,2700,270.0,2430.0,1500,684.0,28.14814814814815,2184.0,2025,6,June,Q2
ORD10348,2025-10-24,CUST072,Shoes,Fashion,4,3500,2200,20.0,UPI,South,Chennai,Returned,134,14000,2800.0,11200.0,8800,2266.0,20.232142857142858,11066.0,2025,10,October,Q4
ORD10349,2025-02-11,CUST263,Shoes,Fashion,4,3500,2200,15.0,Debit Card,North,Lucknow,Shipped,317,14000,2100.0,11900.0,8800,2783.0,23.38655462184874,11583.0,2025,2,February,Q1
ORD10350,2025-04-24,CUST129,Headphones,Electronics,3,2500,1600,0.0,Cash on Delivery,East,Patna,Delivered,269,7500,0.0,7500.0,4800,2431.0,32.413333333333334,7231.0,2025,4,April,Q2
ORD10351,2025-09-17,CUST137,Mixer Grinder,Home Appliances,2,3500,2300,10.0,Net Banking,West,Pune,Delivered,81,7000,700.0,6300.0,4600,1619.0,25.6984126984127,6219.0,2025,9,September,Q3
ORD10352,2025-03-04,CUST158,Backpack,Accessories,1,1800,1100,20.0,Cash on Delivery,North,Delhi,Delivered,70,1800,360.0,1440.0,1100,270.0,18.75,1370.0,2025,3,March,Q1
ORD10353,2025-04-12,CUST128,Smartwatch,Electronics,2,5000,3300,10.0,Debit Card,East,Bhubaneswar,Shipped,296,10000,1000.0,9000.0,6600,2104.0,23.377777777777776,8704.0,2025,4,April,Q2
ORD10354,2025-12-19,CUST154,T-Shirt,Fashion,4,900,500,0.0,Cash on Delivery,North,Jaipur,Delivered,453,3600,0.0,3600.0,2000,1147.0,31.86111111111111,3147.0,2025,12,December,Q4
ORD10355,2025-05-14,CUST213,Bookshelf,Furniture,3,7000,4800,15.0,Credit Card,South,Hyderabad,Cancelled,477,21000,3150.0,17850.0,14400,2973.0,16.65546218487395,17373.0,2025,5,May,Q2
ORD10356,2025-10-13,CUST248,Headphones,Electronics,2,2500,1600,20.0,Credit Card,East,Bhubaneswar,Cancelled,205,5000,1000.0,4000.0,3200,595.0,14.875,3795.0,2025,10,October,Q4
ORD10357,2025-06-12,CUST075,Laptop,Electronics,4,55000,42000,5.0,UPI,West,Pune,Returned,90,220000,11000.0,209000.0,168000,40910.0,19.57416267942584,208910.0,2025,6,June,Q2
ORD10358,2025-11-21,CUST271,Desk,Furniture,4,12000,8500,10.0,Debit Card,North,Delhi,Delivered,399,48000,4800.0,43200.0,34000,8801.0,20.372685185185187,42801.0,2025,11,November,Q4
ORD10359,2025-09-29,CUST248,Laptop,Electronics,2,55000,42000,5.0,Net Banking,West,Mumbai,Returned,473,110000,5500.0,104500.0,84000,20027.0,19.164593301435406,104027.0,2025,9,September,Q3
ORD10360,2025-07-20,CUST247,Backpack,Accessories,4,1800,1100,15.0,Debit Card,West,Ahmedabad,Delivered,50,7200,1080.0,6120.0,4400,1670.0,27.287581699346404,6070.0,2025,7,July,Q3
ORD10361,2025-10-30,CUST117,Coffee Maker,Home Appliances,2,4500,3000,20.0,Cash on Delivery,South,Hyderabad,Cancelled,276,9000,1800.0,7200.0,6000,924.0,12.833333333333332,6924.0,2025,10,October,Q4
ORD10362,2025-02-08,CUST207,Smartwatch,Electronics,1,5000,3300,10.0,Credit Card,West,Mumbai,Delivered,301,5000,500.0,4500.0,3300,899.0,19.977777777777778,4199.0,2025,2,February,Q1
ORD10363,2025-09-08,CUST046,Laptop,Electronics,3,55000,42000,10.0,Net Banking,West,Ahmedabad,Shipped,140,165000,16500.0,148500.0,126000,22360.0,15.057239057239059,148360.0,2025,9,September,Q3
ORD10364,2025-05-27,CUST281,Shoes,Fashion,2,3500,2200,10.0,Credit Card,North,Jaipur,Cancelled,133,7000,700.0,6300.0,4400,1767.0,28.047619047619047,6167.0,2025,5,May,Q2
ORD10365,2025-03-24,CUST275,Backpack,Accessories,2,1800,1100,10.0,UPI,West,Ahmedabad,Delivered,436,3600,360.0,3240.0,2200,604.0,18.641975308641975,2804.0,2025,3,March,Q1
ORD10366,2025-07-25,CUST124,Smartwatch,Electronics,3,5000,3300,0.0,UPI,South,Bengaluru,Delivered,300,15000,0.0,15000.0,9900,4800.0,32.0,14700.0,2025,7,July,Q3
ORD10367,2025-04-30,CUST164,Headphones,Electronics,2,2500,1600,20.0,UPI,West,Mumbai,Cancelled,366,5000,1000.0,4000.0,3200,434.0,10.85,3634.0,2025,4,April,Q2
ORD10368,2025-11-04,CUST227,T-Shirt,Fashion,1,900,500,10.0,UPI,North,Delhi,Delivered,358,900,90.0,810.0,500,-48.0,-5.9259259259259265,452.0,2025,11,November,Q4
ORD10369,2025-03-09,CUST125,T-Shirt,Fashion,4,900,500,5.0,UPI,West,Mumbai,Returned,410,3600,180.0,3420.0,2000,1010.0,29.53216374269006,3010.0,2025,3,March,Q1
ORD10370,2025-06-07,CUST064,Backpack,Accessories,4,1800,1100,10.0,Credit Card,North,Delhi,Shipped,316,7200,720.0,6480.0,4400,1764.0,27.22222222222222,6164.0,2025,6,June,Q2
ORD10371,2025-10-31,CUST172,Office Chair,Furniture,4,8500,6000,20.0,UPI,West,Pune,Shipped,500,34000,6800.0,27200.0,24000,2700.0,9.926470588235293,26700.0,2025,10,October,Q4
ORD10372,2025-11-20,CUST065,T-Shirt,Fashion,3,900,500,0.0,Cash on Delivery,South,Hyderabad,Returned,265,2700,0.0,2700.0,1500,935.0,34.629629629629626,2435.0,2025,11,November,Q4
ORD10373,2025-03-17,CUST026,Shoes,Fashion,2,3500,2200,0.0,Net Banking,East,Bhubaneswar,Shipped,196,7000,0.0,7000.0,4400,2404.0,34.34285714285714,6804.0,2025,3,March,Q1
ORD10374,2025-01-21,CUST179,Desk,Furniture,3,12000,8500,15.0,Net Banking,South,Chennai,Returned,206,36000,5400.0,30600.0,25500,4894.0,15.993464052287582,30394.0,2025,1,January,Q1
ORD10375,2025-01-28,CUST067,Backpack,Accessories,4,1800,1100,15.0,Net Banking,East,Bhubaneswar,Delivered,478,7200,1080.0,6120.0,4400,1242.0,20.294117647058822,5642.0,2025,1,January,Q1
ORD10376,2025-12-13,CUST072,Shoes,Fashion,3,3500,2200,0.0,UPI,North,Lucknow,Delivered,306,10500,0.0,10500.0,6600,3594.0,34.22857142857143,10194.0,2025,12,December,Q4
ORD10377,2025-09-19,CUST093,Laptop,Electronics,2,55000,42000,10.0,Cash on Delivery,East,Bhubaneswar,Delivered,185,110000,11000.0,99000.0,84000,14815.0,14.964646464646464,98815.0,2025,9,September,Q3
ORD10378,2025-05-22,CUST177,Headphones,Electronics,3,2500,1600,20.0,Cash on Delivery,South,Chennai,Shipped,389,7500,1500.0,6000.0,4800,811.0,13.516666666666666,5611.0,2025,5,May,Q2
ORD10379,2025-10-29,CUST090,Desk,Furniture,1,12000,8500,10.0,Cash on Delivery,North,Delhi,Shipped,453,12000,1200.0,10800.0,8500,1847.0,17.10185185185185,10347.0,2025,10,October,Q4
ORD10380,2025-12-29,CUST037,Laptop,Electronics,2,55000,42000,0.0,UPI,East,Kolkata,Delivered,314,110000,0.0,110000.0,84000,25686.0,23.35090909090909,109686.0,2025,12,December,Q4
ORD10381,2025-10-04,CUST183,Laptop,Electronics,3,55000,42000,10.0,UPI,South,Chennai,Returned,472,165000,16500.0,148500.0,126000,22028.0,14.833670033670035,148028.0,2025,10,October,Q4
ORD10382,2025-11-29,CUST168,Mixer Grinder,Home Appliances,3,3500,2300,20.0,Net Banking,North,Jaipur,Delivered,50,10500,2100.0,8400.0,6900,1450.0,17.261904761904763,8350.0,2025,11,November,Q4
ORD10383,2025-04-19,CUST090,Bookshelf,Furniture,4,7000,4800,20.0,Net Banking,South,Chennai,Delivered,289,28000,5600.0,22400.0,19200,2911.0,12.995535714285714,22111.0,2025,4,April,Q2
ORD10384,2025-06-02,CUST215,Office Chair,Furniture,3,8500,6000,20.0,UPI,South,Chennai,Returned,480,25500,5100.0,20400.0,18000,1920.0,9.411764705882353,19920.0,2025,6,June,Q2
ORD10385,2025-05-26,CUST127,Smartwatch,Electronics,2,5000,3300,15.0,Net Banking,North,Lucknow,Delivered,210,10000,1500.0,8500.0,6600,1690.0,19.88235294117647,8290.0,2025,5,May,Q2
ORD10386,2025-08-27,CUST225,Office Chair,Furniture,4,8500,6000,15.0,Net Banking,North,Jaipur,Delivered,162,34000,5100.0,28900.0,24000,4738.0,16.39446366782007,28738.0,2025,8,August,Q3
ORD10387,2025-09-15,CUST202,Headphones,Electronics,3,2500,1600,20.0,Credit Card,South,Hyderabad,Delivered,154,7500,1500.0,6000.0,4800,1046.0,17.433333333333334,5846.0,2025,9,September,Q3
ORD10388,2025-07-29,CUST039,Mixer Grinder,Home Appliances,3,3500,2300,0.0,Net Banking,East,Kolkata,Delivered,426,10500,0.0,10500.0,6900,3174.0,30.228571428571428,10074.0,2025,7,July,Q3
ORD10389,2025-06-04,CUST166,Smartwatch,Electronics,1,5000,3300,5.0,Debit Card,West,Ahmedabad,Cancelled,142,5000,250.0,4750.0,3300,1308.0,27.53684210526316,4608.0,2025,6,June,Q2
ORD10390,2025-03-22,CUST235,Shoes,Fashion,1,3500,2200,15.0,UPI,North,Lucknow,Returned,468,3500,525.0,2975.0,2200,307.0,10.319327731092438,2507.0,2025,3,March,Q1
ORD10391,2025-08-01,CUST223,Coffee Maker,Home Appliances,2,4500,3000,0.0,UPI,West,Pune,Returned,176,9000,0.0,9000.0,6000,2824.0,31.377777777777776,8824.0,2025,8,August,Q3
ORD10392,2025-10-21,CUST107,Shoes,Fashion,4,3500,2200,20.0,Credit Card,South,Hyderabad,Delivered,487,14000,2800.0,11200.0,8800,1913.0,17.080357142857142,10713.0,2025,10,October,Q4
ORD10393,2025-03-14,CUST188,Headphones,Electronics,1,2500,1600,5.0,Net Banking,South,Bengaluru,Delivered,79,2500,125.0,2375.0,1600,696.0,29.305263157894736,2296.0,2025,3,March,Q1
ORD10394,2025-06-05,CUST023,Headphones,Electronics,4,2500,1600,0.0,Debit Card,North,Jaipur,Delivered,112,10000,0.0,10000.0,6400,3488.0,34.88,9888.0,2025,6,June,Q2
ORD10395,2025-04-28,CUST167,Mixer Grinder,Home Appliances,4,3500,2300,15.0,Credit Card,South,Hyderabad,Delivered,466,14000,2100.0,11900.0,9200,2234.0,18.773109243697476,11434.0,2025,4,April,Q2
ORD10396,2025-07-15,CUST047,Office Chair,Furniture,1,8500,6000,0.0,Net Banking,South,Bengaluru,Delivered,242,8500,0.0,8500.0,6000,2258.0,26.56470588235294,8258.0,2025,7,July,Q3
ORD10397,2025-05-06,CUST294,Coffee Maker,Home Appliances,3,4500,3000,0.0,Cash on Delivery,East,Bhubaneswar,Delivered,418,13500,0.0,13500.0,9000,4082.0,30.237037037037034,13082.0,2025,5,May,Q2
ORD10398,2025-07-23,CUST113,Smartwatch,Electronics,2,5000,3300,0.0,Cash on Delivery,South,Chennai,Delivered,80,10000,0.0,10000.0,6600,3320.0,33.2,9920.0,2025,7,July,Q3
ORD10399,2025-12-10,CUST045,Office Chair,Furniture,3,8500,6000,10.0,Net Banking,South,Chennai,Delivered,124,25500,2550.0,22950.0,18000,4826.0,21.02832244008715,22826.0,2025,12,December,Q4
ORD10400,2025-12-29,CUST051,Mixer Grinder,Home Appliances,4,3500,2300,10.0,Credit Card,West,Ahmedabad,Cancelled,283,14000,1400.0,12600.0,9200,3117.0,24.738095238095237,12317.0,2025,12,December,Q4
ORD10401,2025-01-30,CUST125,Mixer Grinder,Home Appliances,2,3500,2300,20.0,Cash on Delivery,West,Pune,Delivered,171,7000,1400.0,5600.0,4600,829.0,14.80357142857143,5429.0,2025,1,January,Q1
ORD10402,2025-02-04,CUST201,Bookshelf,Furniture,3,7000,4800,15.0,UPI,West,Pune,Shipped,323,21000,3150.0,17850.0,14400,3127.0,17.518207282913163,17527.0,2025,2,February,Q1
ORD10403,2025-04-19,CUST165,Mixer Grinder,Home Appliances,4,3500,2300,15.0,UPI,West,Mumbai,Delivered,118,14000,2100.0,11900.0,9200,2582.0,21.69747899159664,11782.0,2025,4,April,Q2
ORD10404,2025-11-05,CUST042,Smartphone,Electronics,3,25000,19000,10.0,Credit Card,West,Ahmedabad,Shipped,436,75000,7500.0,67500.0,57000,10064.0,14.909629629629631,67064.0,2025,11,November,Q4
ORD10405,2025-12-07,CUST300,Headphones,Electronics,2,2500,1600,15.0,Debit Card,East,Kolkata,Returned,70,5000,750.0,4250.0,3200,980.0,23.058823529411764,4180.0,2025,12,December,Q4
ORD10406,2025-04-02,CUST111,Smartwatch,Electronics,3,5000,3300,20.0,Credit Card,North,Jaipur,Delivered,446,15000,3000.0,12000.0,9900,1654.0,13.783333333333333,11554.0,2025,4,April,Q2
ORD10407,2025-09-30,CUST104,Smartwatch,Electronics,3,5000,3300,15.0,UPI,North,Jaipur,Delivered,387,15000,2250.0,12750.0,9900,2463.0,19.31764705882353,12363.0,2025,9,September,Q3
ORD10408,2025-12-07,CUST145,Headphones,Electronics,4,2500,1600,15.0,Cash on Delivery,West,Pune,Delivered,54,10000,1500.0,8500.0,6400,2046.0,24.070588235294117,8446.0,2025,12,December,Q4
ORD10409,2025-03-05,CUST267,Desk,Furniture,3,12000,8500,20.0,Cash on Delivery,North,Jaipur,Returned,403,36000,7200.0,28800.0,25500,2897.0,10.059027777777779,28397.0,2025,3,March,Q1
ORD10410,2025-05-29,CUST184,Bookshelf,Furniture,2,7000,4800,10.0,Net Banking,West,Ahmedabad,Delivered,54,14000,1400.0,12600.0,9600,2946.0,23.38095238095238,12546.0,2025,5,May,Q2
ORD10411,2025-03-11,CUST154,Coffee Maker,Home Appliances,1,4500,3000,10.0,Net Banking,East,Bhubaneswar,Delivered,196,4500,450.0,4050.0,3000,854.0,21.086419753086417,3854.0,2025,3,March,Q1
ORD10412,2025-07-02,CUST075,Smartwatch,Electronics,2,5000,3300,15.0,UPI,West,Ahmedabad,Cancelled,151,10000,1500.0,8500.0,6600,1749.0,20.576470588235292,8349.0,2025,7,July,Q3
ORD10413,2025-07-22,CUST179,Shoes,Fashion,4,3500,2200,0.0,Cash on Delivery,South,Bengaluru,Cancelled,291,14000,0.0,14000.0,8800,4909.0,35.06428571428572,13709.0,2025,7,July,Q3
ORD10414,2025-04-02,CUST163,Mixer Grinder,Home Appliances,3,3500,2300,15.0,UPI,North,Lucknow,Delivered,440,10500,1575.0,8925.0,6900,1585.0,17.759103641456583,8485.0,2025,4,April,Q2
ORD10415,2025-08-13,CUST294,Laptop,Electronics,4,55000,42000,10.0,Debit Card,North,Delhi,Delivered,112,220000,22000.0,198000.0,168000,29888.0,15.094949494949494,197888.0,2025,8,August,Q3
ORD10416,2025-07-27,CUST171,Office Chair,Furniture,2,8500,6000,20.0,Debit Card,South,Bengaluru,Cancelled,263,17000,3400.0,13600.0,12000,1337.0,9.830882352941178,13337.0,2025,7,July,Q3
ORD10417,2025-11-16,CUST194,Coffee Maker,Home Appliances,2,4500,3000,20.0,UPI,East,Kolkata,Delivered,253,9000,1800.0,7200.0,6000,947.0,13.152777777777777,6947.0,2025,11,November,Q4
ORD10418,2025-08-10,CUST264,Shoes,Fashion,3,3500,2200,10.0,Credit Card,South,Hyderabad,Delivered,68,10500,1050.0,9450.0,6600,2782.0,29.439153439153436,9382.0,2025,8,August,Q3
ORD10419,2025-01-30,CUST292,Shoes,Fashion,3,3500,2200,10.0,UPI,South,Bengaluru,Shipped,114,10500,1050.0,9450.0,6600,2736.0,28.952380952380953,9336.0,2025,1,January,Q1
ORD10420,2025-05-21,CUST128,Laptop,Electronics,4,55000,42000,20.0,UPI,West,Pune,Returned,237,220000,44000.0,176000.0,168000,7763.0,4.410795454545455,175763.0,2025,5,May,Q2
ORD10421,2025-02-04,CUST260,Laptop,Electronics,2,55000,42000,0.0,Debit Card,West,Mumbai,Delivered,339,110000,0.0,110000.0,84000,25661.0,23.328181818181818,109661.0,2025,2,February,Q1
ORD10422,2025-07-07,CUST045,Shoes,Fashion,1,3500,2200,20.0,Cash on Delivery,North,Jaipur,Delivered,339,3500,700.0,2800.0,2200,261.0,9.321428571428571,2461.0,2025,7,July,Q3
ORD10423,2025-01-16,CUST162,Mixer Grinder,Home Appliances,2,3500,2300,0.0,Credit Card,West,Ahmedabad,Delivered,424,7000,0.0,7000.0,4600,1976.0,28.22857142857143,6576.0,2025,1,January,Q1
ORD10424,2025-11-18,CUST184,Desk,Furniture,2,12000,8500,5.0,Net Banking,East,Bhubaneswar,Delivered,62,24000,1200.0,22800.0,17000,5738.0,25.166666666666664,22738.0,2025,11,November,Q4
ORD10425,2025-08-03,CUST221,Backpack,Accessories,2,1800,1100,10.0,Cash on Delivery,North,Jaipur,Returned,167,3600,360.0,3240.0,2200,873.0,26.944444444444443,3073.0,2025,8,August,Q3
ORD10426,2025-08-21,CUST021,Laptop,Electronics,2,55000,42000,20.0,Debit Card,North,Delhi,Shipped,318,110000,22000.0,88000.0,84000,3682.0,4.184090909090909,87682.0,2025,8,August,Q3
ORD10427,2025-10-08,CUST023,Headphones,Electronics,2,2500,1600,0.0,Credit Card,South,Hyderabad,Delivered,232,5000,0.0,5000.0,3200,1568.0,31.36,4768.0,2025,10,October,Q4
ORD10428,2025-02-23,CUST014,Smartwatch,Electronics,4,5000,3300,15.0,Credit Card,South,Chennai,Delivered,209,20000,3000.0,17000.0,13200,3591.0,21.123529411764704,16791.0,2025,2,February,Q1
ORD10429,2025-12-01,CUST059,Smartwatch,Electronics,2,5000,3300,15.0,Credit Card,West,Pune,Delivered,254,10000,1500.0,8500.0,6600,1646.0,19.364705882352943,8246.0,2025,12,December,Q4
ORD10430,2025-12-04,CUST075,Backpack,Accessories,4,1800,1100,5.0,UPI,North,Lucknow,Delivered,176,7200,360.0,6840.0,4400,2264.0,33.099415204678365,6664.0,2025,12,December,Q4
ORD10431,2025-08-29,CUST274,Laptop,Electronics,2,55000,42000,20.0,UPI,South,Hyderabad,Returned,203,110000,22000.0,88000.0,84000,3797.0,4.314772727272728,87797.0,2025,8,August,Q3
ORD10432,2025-09-21,CUST157,Shoes,Fashion,1,3500,2200,20.0,Net Banking,North,Lucknow,Delivered,477,3500,700.0,2800.0,2200,123.0,4.392857142857142,2323.0,2025,9,September,Q3
ORD10433,2025-04-17,CUST162,T-Shirt,Fashion,3,900,500,0.0,Net Banking,North,Delhi,Delivered,460,2700,0.0,2700.0,1500,740.0,27.40740740740741,2240.0,2025,4,April,Q2
ORD10434,2025-11-03,CUST198,Smartwatch,Electronics,1,5000,3300,10.0,Net Banking,North,Lucknow,Delivered,226,5000,500.0,4500.0,3300,974.0,21.644444444444446,4274.0,2025,11,November,Q4
ORD10435,2025-07-05,CUST217,Office Chair,Furniture,3,8500,6000,5.0,Credit Card,North,Delhi,Returned,462,25500,1275.0,24225.0,18000,5763.0,23.789473684210527,23763.0,2025,7,July,Q3
ORD10436,2025-08-23,CUST024,Backpack,Accessories,1,1800,1100,20.0,Net Banking,West,Pune,Delivered,466,1800,360.0,1440.0,1100,-126.0,-8.75,974.0,2025,8,August,Q3
ORD10437,2025-10-08,CUST211,Laptop,Electronics,2,55000,42000,0.0,Net Banking,West,Mumbai,Shipped,70,110000,0.0,110000.0,84000,25930.0,23.572727272727274,109930.0,2025,10,October,Q4
ORD10438,2025-04-11,CUST146,Coffee Maker,Home Appliances,2,4500,3000,15.0,Debit Card,North,Delhi,Delivered,90,9000,1350.0,7650.0,6000,1560.0,20.392156862745097,7560.0,2025,4,April,Q2
ORD10439,2025-01-13,CUST100,T-Shirt,Fashion,2,900,500,20.0,Credit Card,East,Bhubaneswar,Delivered,446,1800,360.0,1440.0,1000,-6.0,-0.4166666666666667,994.0,2025,1,January,Q1
ORD10440,2025-11-06,CUST109,T-Shirt,Fashion,4,900,500,0.0,Cash on Delivery,West,Ahmedabad,Shipped,149,3600,0.0,3600.0,2000,1451.0,40.30555555555556,3451.0,2025,11,November,Q4
ORD10441,2025-08-04,CUST003,Smartphone,Electronics,4,25000,19000,15.0,Net Banking,South,Hyderabad,Cancelled,323,100000,15000.0,85000.0,76000,8677.0,10.208235294117648,84677.0,2025,8,August,Q3
ORD10442,2025-05-29,CUST021,Bookshelf,Furniture,4,7000,4800,0.0,Net Banking,East,Bhubaneswar,Delivered,405,28000,0.0,28000.0,19200,8395.0,29.982142857142858,27595.0,2025,5,May,Q2
ORD10443,2025-02-18,CUST044,Headphones,Electronics,2,2500,1600,5.0,Cash on Delivery,South,Hyderabad,Delivered,102,5000,250.0,4750.0,3200,1448.0,30.484210526315792,4648.0,2025,2,February,Q1
ORD10444,2025-10-07,CUST138,Office Chair,Furniture,2,8500,6000,0.0,Debit Card,West,Ahmedabad,Delivered,405,17000,0.0,17000.0,12000,4595.0,27.02941176470588,16595.0,2025,10,October,Q4
ORD10445,2025-01-17,CUST029,Headphones,Electronics,4,2500,1600,15.0,Debit Card,West,Ahmedabad,Delivered,73,10000,1500.0,8500.0,6400,2027.0,23.847058823529412,8427.0,2025,1,January,Q1
ORD10446,2025-07-07,CUST119,Smartwatch,Electronics,2,5000,3300,0.0,Net Banking,East,Kolkata,Returned,389,10000,0.0,10000.0,6600,3011.0,30.11,9611.0,2025,7,July,Q3
ORD10447,2025-04-02,CUST181,Laptop,Electronics,2,55000,42000,15.0,Credit Card,South,Chennai,Delivered,332,110000,16500.0,93500.0,84000,9168.0,9.805347593582887,93168.0,2025,4,April,Q2
ORD10448,2025-05-14,CUST033,T-Shirt,Fashion,3,900,500,20.0,Credit Card,North,Lucknow,Returned,202,2700,540.0,2160.0,1500,458.0,21.203703703703702,1958.0,2025,5,May,Q2
ORD10449,2025-05-06,CUST135,Smartwatch,Electronics,4,5000,3300,10.0,Net Banking,South,Hyderabad,Returned,422,20000,2000.0,18000.0,13200,4378.0,24.322222222222223,17578.0,2025,5,May,Q2
ORD10450,2025-06-09,CUST045,Headphones,Electronics,3,2500,1600,0.0,Debit Card,South,Hyderabad,Delivered,266,7500,0.0,7500.0,4800,2434.0,32.45333333333333,7234.0,2025,6,June,Q2
ORD10451,2025-06-06,CUST205,Shoes,Fashion,2,3500,2200,5.0,Net Banking,North,Jaipur,Returned,461,7000,350.0,6650.0,4400,1789.0,26.902255639097746,6189.0,2025,6,June,Q2
ORD10452,2025-01-04,CUST133,Bookshelf,Furniture,2,7000,4800,0.0,Net Banking,East,Kolkata,Delivered,168,14000,0.0,14000.0,9600,4232.0,30.228571428571428,13832.0,2025,1,January,Q1
ORD10453,2025-10-05,CUST090,Mixer Grinder,Home Appliances,1,3500,2300,0.0,Net Banking,East,Bhubaneswar,Returned,108,3500,0.0,3500.0,2300,1092.0,31.2,3392.0,2025,10,October,Q4
ORD10454,2025-01-26,CUST267,Coffee Maker,Home Appliances,1,4500,3000,5.0,Cash on Delivery,South,Hyderabad,Shipped,350,4500,225.0,4275.0,3000,925.0,21.637426900584796,3925.0,2025,1,January,Q1
ORD10455,2025-03-09,CUST049,Shoes,Fashion,3,3500,2200,15.0,Net Banking,South,Chennai,Cancelled,370,10500,1575.0,8925.0,6600,1955.0,21.904761904761905,8555.0,2025,3,March,Q1
ORD10456,2025-07-07,CUST242,Shoes,Fashion,1,3500,2200,0.0,Credit Card,West,Ahmedabad,Delivered,223,3500,0.0,3500.0,2200,1077.0,30.771428571428572,3277.0,2025,7,July,Q3
ORD10457,2025-03-25,CUST054,Smartphone,Electronics,4,25000,19000,0.0,UPI,West,Pune,Delivered,297,100000,0.0,100000.0,76000,23703.0,23.703,99703.0,2025,3,March,Q1
ORD10458,2025-08-14,CUST277,Desk,Furniture,3,12000,8500,20.0,Cash on Delivery,East,Patna,Cancelled,171,36000,7200.0,28800.0,25500,3129.0,10.864583333333332,28629.0,2025,8,August,Q3
ORD10459,2025-07-29,CUST223,Desk,Furniture,2,12000,8500,5.0,Debit Card,West,Ahmedabad,Cancelled,351,24000,1200.0,22800.0,17000,5449.0,23.899122807017545,22449.0,2025,7,July,Q3
ORD10460,2025-08-23,CUST240,Desk,Furniture,4,12000,8500,0.0,Debit Card,South,Chennai,Shipped,258,48000,0.0,48000.0,34000,13742.0,28.629166666666666,47742.0,2025,8,August,Q3
ORD10461,2025-12-17,CUST169,Smartphone,Electronics,4,25000,19000,15.0,Net Banking,East,Patna,Delivered,119,100000,15000.0,85000.0,76000,8881.0,10.448235294117648,84881.0,2025,12,December,Q4
ORD10462,2025-11-16,CUST139,Bookshelf,Furniture,3,7000,4800,5.0,Cash on Delivery,South,Chennai,Delivered,495,21000,1050.0,19950.0,14400,5055.0,25.338345864661655,19455.0,2025,11,November,Q4
ORD10463,2025-11-07,CUST260,Smartphone,Electronics,2,25000,19000,5.0,Net Banking,North,Jaipur,Delivered,203,50000,2500.0,47500.0,38000,9297.0,19.57263157894737,47297.0,2025,11,November,Q4
ORD10464,2025-09-30,CUST247,Mixer Grinder,Home Appliances,3,3500,2300,10.0,Cash on Delivery,North,Lucknow,Delivered,294,10500,1050.0,9450.0,6900,2256.0,23.873015873015873,9156.0,2025,9,September,Q3
ORD10465,2025-04-04,CUST081,Shoes,Fashion,1,3500,2200,10.0,Debit Card,West,Mumbai,Delivered,88,3500,350.0,3150.0,2200,862.0,27.365079365079364,3062.0,2025,4,April,Q2
ORD10466,2025-12-08,CUST074,Shoes,Fashion,1,3500,2200,15.0,Net Banking,North,Lucknow,Shipped,186,3500,525.0,2975.0,2200,589.0,19.798319327731093,2789.0,2025,12,December,Q4
ORD10467,2025-09-12,CUST170,Bookshelf,Furniture,3,7000,4800,20.0,Net Banking,East,Bhubaneswar,Delivered,265,21000,4200.0,16800.0,14400,2135.0,12.708333333333332,16535.0,2025,9,September,Q3
ORD10468,2025-04-01,CUST141,Backpack,Accessories,2,1800,1100,20.0,Cash on Delivery,South,Chennai,Delivered,204,3600,720.0,2880.0,2200,476.0,16.52777777777778,2676.0,2025,4,April,Q2
ORD10469,2025-09-05,CUST129,Smartwatch,Electronics,3,5000,3300,10.0,UPI,South,Hyderabad,Shipped,83,15000,1500.0,13500.0,9900,3517.0,26.051851851851854,13417.0,2025,9,September,Q3
ORD10470,2025-11-19,CUST094,Backpack,Accessories,4,1800,1100,15.0,Debit Card,North,Delhi,Delivered,166,7200,1080.0,6120.0,4400,1554.0,25.392156862745097,5954.0,2025,11,November,Q4
ORD10471,2025-04-01,CUST173,Laptop,Electronics,2,55000,42000,0.0,Net Banking,South,Bengaluru,Shipped,323,110000,0.0,110000.0,84000,25677.0,23.342727272727274,109677.0,2025,4,April,Q2
ORD10472,2025-04-01,CUST114,Smartwatch,Electronics,2,5000,3300,15.0,UPI,West,Pune,Delivered,498,10000,1500.0,8500.0,6600,1402.0,16.49411764705882,8002.0,2025,4,April,Q2
ORD10473,2025-04-26,CUST203,Coffee Maker,Home Appliances,3,4500,3000,5.0,UPI,West,Mumbai,Delivered,364,13500,675.0,12825.0,9000,3461.0,26.98635477582846,12461.0,2025,4,April,Q2
ORD10474,2025-07-12,CUST221,Office Chair,Furniture,1,8500,6000,5.0,Net Banking,East,Kolkata,Shipped,286,8500,425.0,8075.0,6000,1789.0,22.154798761609907,7789.0,2025,7,July,Q3
ORD10475,2025-05-29,CUST109,Mixer Grinder,Home Appliances,3,3500,2300,15.0,Net Banking,South,Chennai,Returned,331,10500,1575.0,8925.0,6900,1694.0,18.980392156862745,8594.0,2025,5,May,Q2
ORD10476,2025-06-03,CUST132,Backpack,Accessories,4,1800,1100,20.0,Credit Card,South,Bengaluru,Delivered,454,7200,1440.0,5760.0,4400,906.0,15.729166666666666,5306.0,2025,6,June,Q2
ORD10477,2025-04-19,CUST147,Smartphone,Electronics,1,25000,19000,0.0,Net Banking,West,Mumbai,Cancelled,417,25000,0.0,25000.0,19000,5583.0,22.332,24583.0,2025,4,April,Q2
ORD10478,2025-11-20,CUST195,T-Shirt,Fashion,2,900,500,10.0,Debit Card,East,Patna,Returned,470,1800,180.0,1620.0,1000,150.0,9.25925925925926,1150.0,2025,11,November,Q4
ORD10479,2025-01-24,CUST290,Smartwatch,Electronics,4,5000,3300,5.0,UPI,North,Lucknow,Delivered,53,20000,1000.0,19000.0,13200,5747.0,30.247368421052634,18947.0,2025,1,January,Q1
ORD10480,2025-09-05,CUST254,Backpack,Accessories,4,1800,1100,20.0,Cash on Delivery,West,Pune,Cancelled,118,7200,1440.0,5760.0,4400,1242.0,21.5625,5642.0,2025,9,September,Q3
ORD10481,2025-09-06,CUST138,T-Shirt,Fashion,4,900,500,20.0,Cash on Delivery,South,Hyderabad,Shipped,362,3600,720.0,2880.0,2000,518.0,17.98611111111111,2518.0,2025,9,September,Q3
ORD10482,2025-06-28,CUST038,Smartwatch,Electronics,2,5000,3300,15.0,Debit Card,North,Jaipur,Returned,381,10000,1500.0,8500.0,6600,1519.0,17.870588235294118,8119.0,2025,6,June,Q2
ORD10483,2025-12-09,CUST190,Smartwatch,Electronics,2,5000,3300,5.0,Cash on Delivery,South,Hyderabad,Delivered,79,10000,500.0,9500.0,6600,2821.0,29.694736842105264,9421.0,2025,12,December,Q4
ORD10484,2025-07-25,CUST228,Mixer Grinder,Home Appliances,1,3500,2300,10.0,Cash on Delivery,North,Jaipur,Cancelled,96,3500,350.0,3150.0,2300,754.0,23.936507936507937,3054.0,2025,7,July,Q3
ORD10485,2025-08-29,CUST202,Office Chair,Furniture,4,8500,6000,10.0,Debit Card,South,Chennai,Delivered,336,34000,3400.0,30600.0,24000,6264.0,20.47058823529412,30264.0,2025,8,August,Q3
ORD10486,2025-05-19,CUST273,T-Shirt,Fashion,4,900,500,5.0,Net Banking,North,Delhi,Delivered,263,3600,180.0,3420.0,2000,1157.0,33.83040935672514,3157.0,2025,5,May,Q2
ORD10487,2025-12-23,CUST191,T-Shirt,Fashion,2,900,500,0.0,UPI,East,Patna,Delivered,370,1800,0.0,1800.0,1000,430.0,23.88888888888889,1430.0,2025,12,December,Q4
ORD10488,2025-03-29,CUST001,Smartwatch,Electronics,2,5000,3300,10.0,Credit Card,North,Delhi,Returned,247,10000,1000.0,9000.0,6600,2153.0,23.922222222222224,8753.0,2025,3,March,Q1
ORD10489,2025-09-08,CUST141,T-Shirt,Fashion,1,900,500,20.0,Net Banking,North,Delhi,Delivered,122,900,180.0,720.0,500,98.0,13.61111111111111,598.0,2025,9,September,Q3
ORD10490,2025-12-03,CUST175,Office Chair,Furniture,3,8500,6000,0.0,Cash on Delivery,North,Jaipur,Returned,125,25500,0.0,25500.0,18000,7375.0,28.921568627450984,25375.0,2025,12,December,Q4
ORD10491,2025-09-28,CUST043,Laptop,Electronics,4,55000,42000,15.0,Net Banking,North,Delhi,Delivered,451,220000,33000.0,187000.0,168000,18549.0,9.919251336898395,186549.0,2025,9,September,Q3
ORD10492,2025-10-16,CUST247,Shoes,Fashion,2,3500,2200,5.0,Net Banking,East,Kolkata,Delivered,238,7000,350.0,6650.0,4400,2012.0,30.255639097744364,6412.0,2025,10,October,Q4
ORD10493,2025-06-17,CUST283,Headphones,Electronics,3,2500,1600,20.0,Cash on Delivery,West,Ahmedabad,Cancelled,242,7500,1500.0,6000.0,4800,958.0,15.966666666666669,5758.0,2025,6,June,Q2
ORD10494,2025-07-23,CUST089,Headphones,Electronics,4,2500,1600,10.0,Net Banking,North,Jaipur,Returned,92,10000,1000.0,9000.0,6400,2508.0,27.866666666666667,8908.0,2025,7,July,Q3
ORD10495,2025-05-31,CUST007,Smartwatch,Electronics,2,5000,3300,10.0,Debit Card,East,Bhubaneswar,Delivered,362,10000,1000.0,9000.0,6600,2038.0,22.644444444444446,8638.0,2025,5,May,Q2
ORD10496,2025-06-28,CUST124,Backpack,Accessories,2,1800,1100,15.0,UPI,North,Jaipur,Delivered,377,3600,540.0,3060.0,2200,483.0,15.784313725490195,2683.0,2025,6,June,Q2
ORD10497,2025-11-27,CUST097,Bookshelf,Furniture,1,7000,4800,10.0,Cash on Delivery,West,Pune,Delivered,189,7000,700.0,6300.0,4800,1311.0,20.809523809523807,6111.0,2025,11,November,Q4
ORD10498,2025-04-28,CUST050,Bookshelf,Furniture,4,7000,4800,10.0,UPI,West,Pune,Delivered,82,28000,2800.0,25200.0,19200,5918.0,23.484126984126984,25118.0,2025,4,April,Q2
ORD10499,2025-02-16,CUST141,Desk,Furniture,3,12000,8500,15.0,Net Banking,West,Pune,Cancelled,338,36000,5400.0,30600.0,25500,4762.0,15.562091503267975,30262.0,2025,2,February,Q1
ORD10500,2025-01-14,CUST248,Backpack,Accessories,3,1800,1100,10.0,Net Banking,South,Bengaluru,Shipped,177,5400,540.0,4860.0,3300,1383.0,28.456790123456788,4683.0,2025,1,January,Q1
ORD10501,2025-11-15,CUST218,Shoes,Fashion,2,3500,2200,0.0,Cash on Delivery,North,Lucknow,Delivered,106,7000,0.0,7000.0,4400,2494.0,35.628571428571426,6894.0,2025,11,November,Q4
ORD10502,2025-01-06,CUST169,Laptop,Electronics,2,55000,42000,20.0,Cash on Delivery,North,Lucknow,Delivered,461,110000,22000.0,88000.0,84000,3539.0,4.021590909090909,87539.0,2025,1,January,Q1
ORD10503,2025-08-07,CUST266,Coffee Maker,Home Appliances,1,4500,3000,15.0,Credit Card,West,Mumbai,Delivered,120,4500,675.0,3825.0,3000,705.0,18.43137254901961,3705.0,2025,8,August,Q3
ORD10504,2025-05-04,CUST022,Headphones,Electronics,4,2500,1600,5.0,Credit Card,North,Lucknow,Delivered,215,10000,500.0,9500.0,6400,2885.0,30.36842105263158,9285.0,2025,5,May,Q2
ORD10505,2025-08-07,CUST148,Backpack,Accessories,1,1800,1100,15.0,Net Banking,South,Bengaluru,Delivered,90,1800,270.0,1530.0,1100,340.0,22.22222222222222,1440.0,2025,8,August,Q3
ORD10506,2025-11-18,CUST134,Smartwatch,Electronics,2,5000,3300,20.0,Debit Card,North,Jaipur,Delivered,339,10000,2000.0,8000.0,6600,1061.0,13.2625,7661.0,2025,11,November,Q4
ORD10507,2025-12-18,CUST100,T-Shirt,Fashion,4,900,500,0.0,Debit Card,North,Delhi,Delivered,492,3600,0.0,3600.0,2000,1108.0,30.777777777777775,3108.0,2025,12,December,Q4
ORD10508,2025-03-06,CUST079,Smartphone,Electronics,3,25000,19000,5.0,Debit Card,West,Mumbai,Cancelled,315,75000,3750.0,71250.0,57000,13935.0,19.557894736842105,70935.0,2025,3,March,Q1
ORD10509,2025-09-05,CUST025,Headphones,Electronics,2,2500,1600,15.0,Cash on Delivery,West,Pune,Delivered,147,5000,750.0,4250.0,3200,903.0,21.24705882352941,4103.0,2025,9,September,Q3
ORD10510,2025-10-28,CUST164,Laptop,Electronics,4,55000,42000,0.0,Debit Card,North,Delhi,Delivered,186,220000,0.0,220000.0,168000,51814.0,23.55181818181818,219814.0,2025,10,October,Q4
ORD10511,2025-03-14,CUST288,Coffee Maker,Home Appliances,1,4500,3000,5.0,UPI,West,Mumbai,Delivered,465,4500,225.0,4275.0,3000,810.0,18.947368421052634,3810.0,2025,3,March,Q1
ORD10512,2025-02-23,CUST127,Smartphone,Electronics,2,25000,19000,10.0,UPI,East,Patna,Delivered,293,50000,5000.0,45000.0,38000,6707.0,14.904444444444445,44707.0,2025,2,February,Q1
ORD10513,2025-03-14,CUST248,Smartwatch,Electronics,3,5000,3300,5.0,Net Banking,East,Patna,Delivered,452,15000,750.0,14250.0,9900,3898.0,27.354385964912282,13798.0,2025,3,March,Q1
ORD10514,2025-02-10,CUST168,Mixer Grinder,Home Appliances,2,3500,2300,5.0,UPI,South,Hyderabad,Shipped,261,7000,350.0,6650.0,4600,1789.0,26.902255639097746,6389.0,2025,2,February,Q1
ORD10515,2025-02-16,CUST069,Backpack,Accessories,4,1800,1100,0.0,Debit Card,West,Mumbai,Delivered,415,7200,0.0,7200.0,4400,2385.0,33.125,6785.0,2025,2,February,Q1
ORD10516,2025-03-02,CUST161,Shoes,Fashion,2,3500,2200,10.0,Debit Card,East,Patna,Delivered,367,7000,700.0,6300.0,4400,1533.0,24.333333333333336,5933.0,2025,3,March,Q1
ORD10517,2025-12-04,CUST077,Backpack,Accessories,2,1800,1100,10.0,Debit Card,East,Kolkata,Delivered,213,3600,360.0,3240.0,2200,827.0,25.524691358024693,3027.0,2025,12,December,Q4
ORD10518,2025-04-01,CUST073,Desk,Furniture,2,12000,8500,10.0,Cash on Delivery,North,Delhi,Cancelled,258,24000,2400.0,21600.0,17000,4342.0,20.10185185185185,21342.0,2025,4,April,Q2
ORD10519,2025-10-22,CUST182,Mixer Grinder,Home Appliances,1,3500,2300,15.0,Cash on Delivery,South,Hyderabad,Delivered,333,3500,525.0,2975.0,2300,342.0,11.495798319327731,2642.0,2025,10,October,Q4
ORD10520,2025-07-06,CUST058,Smartphone,Electronics,1,25000,19000,5.0,Debit Card,South,Chennai,Delivered,494,25000,1250.0,23750.0,19000,4256.0,17.919999999999998,23256.0,2025,7,July,Q3
ORD10521,2025-06-17,CUST107,Bookshelf,Furniture,4,7000,4800,5.0,Cash on Delivery,West,Ahmedabad,Returned,301,28000,1400.0,26600.0,19200,7099.0,26.687969924812034,26299.0,2025,6,June,Q2
ORD10522,2025-12-20,CUST185,Bookshelf,Furniture,3,7000,4800,10.0,Cash on Delivery,North,Lucknow,Delivered,235,21000,2100.0,18900.0,14400,4265.0,22.566137566137566,18665.0,2025,12,December,Q4
ORD10523,2025-03-02,CUST129,Desk,Furniture,3,12000,8500,15.0,Debit Card,South,Bengaluru,Cancelled,256,36000,5400.0,30600.0,25500,4844.0,15.830065359477125,30344.0,2025,3,March,Q1
ORD10524,2025-05-01,CUST133,Desk,Furniture,1,12000,8500,20.0,UPI,North,Lucknow,Delivered,462,12000,2400.0,9600.0,8500,638.0,6.645833333333333,9138.0,2025,5,May,Q2
ORD10525,2025-08-30,CUST084,Bookshelf,Furniture,3,7000,4800,10.0,Debit Card,West,Pune,Delivered,158,21000,2100.0,18900.0,14400,4342.0,22.973544973544975,18742.0,2025,8,August,Q3
ORD10526,2025-05-09,CUST283,Smartwatch,Electronics,4,5000,3300,15.0,Credit Card,West,Pune,Returned,493,20000,3000.0,17000.0,13200,3307.0,19.45294117647059,16507.0,2025,5,May,Q2
ORD10527,2025-03-02,CUST153,T-Shirt,Fashion,3,900,500,5.0,Cash on Delivery,West,Pune,Returned,101,2700,135.0,2565.0,1500,964.0,37.58284600389864,2464.0,2025,3,March,Q1
ORD10528,2025-02-05,CUST295,Backpack,Accessories,2,1800,1100,5.0,UPI,West,Pune,Delivered,226,3600,180.0,3420.0,2200,994.0,29.064327485380115,3194.0,2025,2,February,Q1
ORD10529,2025-01-06,CUST039,Office Chair,Furniture,3,8500,6000,20.0,UPI,South,Hyderabad,Cancelled,84,25500,5100.0,20400.0,18000,2316.0,11.352941176470587,20316.0,2025,1,January,Q1
ORD10530,2025-03-28,CUST214,Office Chair,Furniture,1,8500,6000,15.0,UPI,East,Kolkata,Shipped,500,8500,1275.0,7225.0,6000,725.0,10.034602076124568,6725.0,2025,3,March,Q1
ORD10531,2025-05-21,CUST045,Office Chair,Furniture,4,8500,6000,15.0,UPI,South,Bengaluru,Returned,161,34000,5100.0,28900.0,24000,4739.0,16.397923875432525,28739.0,2025,5,May,Q2
ORD10532,2025-05-14,CUST150,Shoes,Fashion,4,3500,2200,5.0,UPI,West,Pune,Cancelled,143,14000,700.0,13300.0,8800,4357.0,32.7593984962406,13157.0,2025,5,May,Q2
ORD10533,2025-05-02,CUST162,Laptop,Electronics,2,55000,42000,15.0,UPI,East,Patna,Delivered,164,110000,16500.0,93500.0,84000,9336.0,9.985026737967914,93336.0,2025,5,May,Q2
ORD10534,2025-07-25,CUST152,Bookshelf,Furniture,3,7000,4800,10.0,Debit Card,East,Patna,Shipped,167,21000,2100.0,18900.0,14400,4333.0,22.925925925925924,18733.0,2025,7,July,Q3
ORD10535,2025-01-19,CUST175,T-Shirt,Fashion,3,900,500,5.0,Credit Card,North,Delhi,Delivered,473,2700,135.0,2565.0,1500,592.0,23.079922027290447,2092.0,2025,1,January,Q1
ORD10536,2025-05-21,CUST093,Smartphone,Electronics,2,25000,19000,0.0,Cash on Delivery,North,Lucknow,Delivered,467,50000,0.0,50000.0,38000,11533.0,23.066,49533.0,2025,5,May,Q2
ORD10537,2025-05-08,CUST071,Office Chair,Furniture,4,8500,6000,5.0,Cash on Delivery,South,Bengaluru,Shipped,66,34000,1700.0,32300.0,24000,8234.0,25.492260061919502,32234.0,2025,5,May,Q2
ORD10538,2025-01-07,CUST193,Coffee Maker,Home Appliances,2,4500,3000,0.0,UPI,North,Delhi,Cancelled,152,9000,0.0,9000.0,6000,2848.0,31.644444444444442,8848.0,2025,1,January,Q1
ORD10539,2025-01-25,CUST207,Laptop,Electronics,3,55000,42000,20.0,Cash on Delivery,East,Patna,Shipped,436,165000,33000.0,132000.0,126000,5564.0,4.215151515151515,131564.0,2025,1,January,Q1
ORD10540,2025-05-24,CUST120,Mixer Grinder,Home Appliances,1,3500,2300,15.0,UPI,East,Kolkata,Shipped,122,3500,525.0,2975.0,2300,553.0,18.58823529411765,2853.0,2025,5,May,Q2
ORD10541,2025-12-02,CUST118,T-Shirt,Fashion,1,900,500,10.0,UPI,West,Ahmedabad,Returned,413,900,90.0,810.0,500,-103.0,-12.716049382716049,397.0,2025,12,December,Q4
ORD10542,2025-09-28,CUST030,Headphones,Electronics,3,2500,1600,10.0,UPI,North,Jaipur,Delivered,230,7500,750.0,6750.0,4800,1720.0,25.48148148148148,6520.0,2025,9,September,Q3
ORD10543,2025-08-12,CUST185,Headphones,Electronics,4,2500,1600,15.0,Net Banking,North,Lucknow,Returned,288,10000,1500.0,8500.0,6400,1812.0,21.317647058823532,8212.0,2025,8,August,Q3
ORD10544,2025-11-09,CUST045,Bookshelf,Furniture,1,7000,4800,20.0,Net Banking,West,Mumbai,Shipped,131,7000,1400.0,5600.0,4800,669.0,11.946428571428571,5469.0,2025,11,November,Q4
ORD10545,2025-08-09,CUST182,Mixer Grinder,Home Appliances,3,3500,2300,10.0,Debit Card,East,Kolkata,Returned,52,10500,1050.0,9450.0,6900,2498.0,26.43386243386243,9398.0,2025,8,August,Q3
ORD10546,2025-03-01,CUST107,Smartwatch,Electronics,4,5000,3300,10.0,Debit Card,East,Patna,Cancelled,171,20000,2000.0,18000.0,13200,4629.0,25.716666666666665,17829.0,2025,3,March,Q1
ORD10547,2025-03-03,CUST159,Mixer Grinder,Home Appliances,4,3500,2300,0.0,Net Banking,North,Lucknow,Delivered,442,14000,0.0,14000.0,9200,4358.0,31.128571428571426,13558.0,2025,3,March,Q1
ORD10548,2025-05-16,CUST295,Shoes,Fashion,1,3500,2200,5.0,Credit Card,South,Hyderabad,Delivered,363,3500,175.0,3325.0,2200,762.0,22.917293233082706,2962.0,2025,5,May,Q2
ORD10549,2025-07-30,CUST059,Laptop,Electronics,4,55000,42000,15.0,Net Banking,North,Jaipur,Delivered,78,220000,33000.0,187000.0,168000,18922.0,10.118716577540107,186922.0,2025,7,July,Q3
ORD10550,2025-08-03,CUST064,Bookshelf,Furniture,3,7000,4800,10.0,Credit Card,West,Ahmedabad,Delivered,326,21000,2100.0,18900.0,14400,4174.0,22.084656084656086,18574.0,2025,8,August,Q3
ORD10551,2025-09-02,CUST170,Coffee Maker,Home Appliances,2,4500,3000,5.0,Cash on Delivery,West,Pune,Shipped,381,9000,450.0,8550.0,6000,2169.0,25.36842105263158,8169.0,2025,9,September,Q3
ORD10552,2025-01-16,CUST040,Mixer Grinder,Home Appliances,4,3500,2300,10.0,Cash on Delivery,West,Ahmedabad,Delivered,362,14000,1400.0,12600.0,9200,3038.0,24.11111111111111,12238.0,2025,1,January,Q1
ORD10553,2025-05-18,CUST081,Smartphone,Electronics,4,25000,19000,10.0,Credit Card,East,Bhubaneswar,Delivered,256,100000,10000.0,90000.0,76000,13744.0,15.27111111111111,89744.0,2025,5,May,Q2
ORD10554,2025-12-12,CUST224,Smartphone,Electronics,3,25000,19000,5.0,UPI,East,Bhubaneswar,Cancelled,367,75000,3750.0,71250.0,57000,13883.0,19.484912280701757,70883.0,2025,12,December,Q4
ORD10555,2025-08-27,CUST061,Desk,Furniture,3,12000,8500,10.0,UPI,South,Hyderabad,Cancelled,271,36000,3600.0,32400.0,25500,6629.0,20.459876543209877,32129.0,2025,8,August,Q3
ORD10556,2025-04-20,CUST278,Bookshelf,Furniture,1,7000,4800,10.0,Credit Card,West,Pune,Returned,405,7000,700.0,6300.0,4800,1095.0,17.38095238095238,5895.0,2025,4,April,Q2
ORD10557,2025-10-06,CUST204,Office Chair,Furniture,3,8500,6000,15.0,UPI,West,Mumbai,Delivered,406,25500,3825.0,21675.0,18000,3269.0,15.081891580161477,21269.0,2025,10,October,Q4
ORD10558,2025-06-14,CUST096,Shoes,Fashion,3,3500,2200,20.0,Debit Card,North,Delhi,Returned,454,10500,2100.0,8400.0,6600,1346.0,16.023809523809522,7946.0,2025,6,June,Q2
ORD10559,2025-04-30,CUST217,Office Chair,Furniture,2,8500,6000,5.0,Debit Card,East,Bhubaneswar,Returned,225,17000,850.0,16150.0,12000,3925.0,24.30340557275542,15925.0,2025,4,April,Q2
ORD10560,2025-03-18,CUST264,Backpack,Accessories,2,1800,1100,5.0,Debit Card,South,Chennai,Delivered,307,3600,180.0,3420.0,2200,913.0,26.69590643274854,3113.0,2025,3,March,Q1
ORD10561,2025-06-25,CUST299,Desk,Furniture,3,12000,8500,15.0,Cash on Delivery,West,Ahmedabad,Returned,189,36000,5400.0,30600.0,25500,4911.0,16.04901960784314,30411.0,2025,6,June,Q2
ORD10562,2025-12-31,CUST143,Mixer Grinder,Home Appliances,3,3500,2300,10.0,Cash on Delivery,East,Kolkata,Shipped,400,10500,1050.0,9450.0,6900,2150.0,22.75132275132275,9050.0,2025,12,December,Q4
ORD10563,2025-07-06,CUST291,Laptop,Electronics,1,55000,42000,10.0,Credit Card,North,Jaipur,Delivered,487,55000,5500.0,49500.0,42000,7013.0,14.167676767676769,49013.0,2025,7,July,Q3
ORD10564,2025-07-26,CUST003,Smartwatch,Electronics,4,5000,3300,10.0,Cash on Delivery,South,Bengaluru,Shipped,491,20000,2000.0,18000.0,13200,4309.0,23.93888888888889,17509.0,2025,7,July,Q3
ORD10565,2025-01-25,CUST019,Coffee Maker,Home Appliances,4,4500,3000,20.0,Debit Card,North,Jaipur,Delivered,78,18000,3600.0,14400.0,12000,2322.0,16.125,14322.0,2025,1,January,Q1
ORD10566,2025-06-02,CUST139,Coffee Maker,Home Appliances,4,4500,3000,10.0,Credit Card,East,Patna,Returned,392,18000,1800.0,16200.0,12000,3808.0,23.506172839506174,15808.0,2025,6,June,Q2
ORD10567,2025-07-10,CUST149,Bookshelf,Furniture,3,7000,4800,20.0,Net Banking,West,Pune,Delivered,100,21000,4200.0,16800.0,14400,2300.0,13.690476190476192,16700.0,2025,7,July,Q3
ORD10568,2025-04-23,CUST014,Smartwatch,Electronics,2,5000,3300,15.0,Debit Card,West,Ahmedabad,Delivered,215,10000,1500.0,8500.0,6600,1685.0,19.823529411764707,8285.0,2025,4,April,Q2
ORD10569,2025-02-24,CUST075,Smartphone,Electronics,2,25000,19000,5.0,Cash on Delivery,East,Patna,Delivered,425,50000,2500.0,47500.0,38000,9075.0,19.105263157894736,47075.0,2025,2,February,Q1
ORD10570,2025-02-28,CUST064,Office Chair,Furniture,3,8500,6000,0.0,Net Banking,South,Bengaluru,Delivered,231,25500,0.0,25500.0,18000,7269.0,28.505882352941175,25269.0,2025,2,February,Q1
ORD10571,2025-08-02,CUST142,Shoes,Fashion,2,3500,2200,0.0,Credit Card,East,Bhubaneswar,Delivered,142,7000,0.0,7000.0,4400,2458.0,35.114285714285714,6858.0,2025,8,August,Q3
ORD10572,2025-02-28,CUST118,Smartphone,Electronics,3,25000,19000,15.0,Net Banking,North,Delhi,Cancelled,345,75000,11250.0,63750.0,57000,6405.0,10.047058823529412,63405.0,2025,2,February,Q1
ORD10573,2025-06-05,CUST013,Desk,Furniture,4,12000,8500,5.0,Cash on Delivery,North,Jaipur,Delivered,143,48000,2400.0,45600.0,34000,11457.0,25.124999999999996,45457.0,2025,6,June,Q2
ORD10574,2025-08-18,CUST026,Office Chair,Furniture,2,8500,6000,15.0,Debit Card,North,Delhi,Delivered,487,17000,2550.0,14450.0,12000,1963.0,13.584775086505191,13963.0,2025,8,August,Q3
ORD10575,2025-05-30,CUST209,Shoes,Fashion,4,3500,2200,20.0,Net Banking,East,Patna,Delivered,345,14000,2800.0,11200.0,8800,2055.0,18.348214285714285,10855.0,2025,5,May,Q2
ORD10576,2025-01-07,CUST239,Backpack,Accessories,4,1800,1100,20.0,Debit Card,East,Patna,Shipped,492,7200,1440.0,5760.0,4400,868.0,15.069444444444443,5268.0,2025,1,January,Q1
ORD10577,2025-09-13,CUST179,Backpack,Accessories,3,1800,1100,0.0,Net Banking,South,Chennai,Shipped,468,5400,0.0,5400.0,3300,1632.0,30.22222222222222,4932.0,2025,9,September,Q3
ORD10578,2025-08-27,CUST207,Coffee Maker,Home Appliances,3,4500,3000,0.0,Cash on Delivery,North,Delhi,Cancelled,313,13500,0.0,13500.0,9000,4187.0,31.014814814814816,13187.0,2025,8,August,Q3
ORD10579,2025-08-19,CUST273,Smartwatch,Electronics,1,5000,3300,15.0,Credit Card,East,Bhubaneswar,Cancelled,482,5000,750.0,4250.0,3300,468.0,11.011764705882353,3768.0,2025,8,August,Q3
ORD10580,2025-04-08,CUST290,Headphones,Electronics,2,2500,1600,15.0,Debit Card,East,Patna,Delivered,107,5000,750.0,4250.0,3200,943.0,22.188235294117646,4143.0,2025,4,April,Q2
ORD10581,2025-08-04,CUST084,Smartphone,Electronics,2,25000,19000,15.0,Debit Card,West,Ahmedabad,Shipped,320,50000,7500.0,42500.0,38000,4180.0,9.83529411764706,42180.0,2025,8,August,Q3
ORD10582,2025-03-13,CUST110,T-Shirt,Fashion,4,900,500,15.0,Cash on Delivery,South,Chennai,Cancelled,105,3600,540.0,3060.0,2000,955.0,31.209150326797385,2955.0,2025,3,March,Q1
ORD10583,2025-05-18,CUST125,Shoes,Fashion,3,3500,2200,15.0,Cash on Delivery,East,Bhubaneswar,Delivered,98,10500,1575.0,8925.0,6600,2227.0,24.952380952380953,8827.0,2025,5,May,Q2
ORD10584,2025-03-27,CUST166,Office Chair,Furniture,4,8500,6000,5.0,Credit Card,East,Kolkata,Returned,497,34000,1700.0,32300.0,24000,7803.0,24.157894736842106,31803.0,2025,3,March,Q1
ORD10585,2025-10-29,CUST266,Backpack,Accessories,4,1800,1100,20.0,Debit Card,East,Patna,Delivered,241,7200,1440.0,5760.0,4400,1119.0,19.427083333333332,5519.0,2025,10,October,Q4
ORD10586,2025-05-25,CUST106,Bookshelf,Furniture,1,7000,4800,5.0,Cash on Delivery,South,Bengaluru,Delivered,362,7000,350.0,6650.0,4800,1488.0,22.37593984962406,6288.0,2025,5,May,Q2
ORD10587,2025-03-30,CUST106,T-Shirt,Fashion,4,900,500,5.0,Cash on Delivery,West,Ahmedabad,Delivered,420,3600,180.0,3420.0,2000,1000.0,29.239766081871345,3000.0,2025,3,March,Q1
ORD10588,2025-05-28,CUST208,T-Shirt,Fashion,2,900,500,10.0,UPI,South,Chennai,Returned,131,1800,180.0,1620.0,1000,489.0,30.185185185185187,1489.0,2025,5,May,Q2
ORD10589,2025-02-07,CUST249,Bookshelf,Furniture,3,7000,4800,15.0,Debit Card,East,Bhubaneswar,Delivered,376,21000,3150.0,17850.0,14400,3074.0,17.221288515406165,17474.0,2025,2,February,Q1
ORD10590,2025-07-15,CUST229,Backpack,Accessories,3,1800,1100,0.0,Debit Card,South,Bengaluru,Shipped,273,5400,0.0,5400.0,3300,1827.0,33.83333333333333,5127.0,2025,7,July,Q3
ORD10591,2025-12-12,CUST072,T-Shirt,Fashion,2,900,500,15.0,UPI,East,Bhubaneswar,Shipped,88,1800,270.0,1530.0,1000,442.0,28.888888888888886,1442.0,2025,12,December,Q4
ORD10592,2025-07-10,CUST222,Mixer Grinder,Home Appliances,2,3500,2300,15.0,Debit Card,West,Ahmedabad,Delivered,102,7000,1050.0,5950.0,4600,1248.0,20.974789915966387,5848.0,2025,7,July,Q3
ORD10593,2025-08-14,CUST200,Headphones,Electronics,4,2500,1600,20.0,UPI,West,Ahmedabad,Cancelled,471,10000,2000.0,8000.0,6400,1129.0,14.1125,7529.0,2025,8,August,Q3
ORD10594,2025-09-13,CUST287,Headphones,Electronics,3,2500,1600,15.0,Cash on Delivery,East,Kolkata,Returned,226,7500,1125.0,6375.0,4800,1349.0,21.16078431372549,6149.0,2025,9,September,Q3
ORD10595,2025-12-11,CUST254,Office Chair,Furniture,3,8500,6000,0.0,Cash on Delivery,West,Mumbai,Delivered,336,25500,0.0,25500.0,18000,7164.0,28.094117647058823,25164.0,2025,12,December,Q4
ORD10596,2025-01-13,CUST276,Smartwatch,Electronics,1,5000,3300,5.0,Net Banking,South,Bengaluru,Shipped,163,5000,250.0,4750.0,3300,1287.0,27.094736842105267,4587.0,2025,1,January,Q1
ORD10597,2025-09-30,CUST219,Laptop,Electronics,4,55000,42000,5.0,Cash on Delivery,West,Ahmedabad,Returned,377,220000,11000.0,209000.0,168000,40623.0,19.436842105263157,208623.0,2025,9,September,Q3
ORD10598,2025-11-11,CUST229,Shoes,Fashion,2,3500,2200,10.0,UPI,South,Chennai,Delivered,318,7000,700.0,6300.0,4400,1582.0,25.11111111111111,5982.0,2025,11,November,Q4
ORD10599,2025-01-02,CUST286,T-Shirt,Fashion,2,900,500,5.0,Cash on Delivery,South,Bengaluru,Delivered,450,1800,90.0,1710.0,1000,260.0,15.204678362573098,1260.0,2025,1,January,Q1
ORD10600,2025-04-04,CUST116,Smartphone,Electronics,1,25000,19000,0.0,UPI,East,Patna,Delivered,473,25000,0.0,25000.0,19000,5527.0,22.108,24527.0,2025,4,April,Q2
ORD10601,2025-02-22,CUST137,Coffee Maker,Home Appliances,3,4500,3000,15.0,UPI,East,Bhubaneswar,Delivered,463,13500,2025.0,11475.0,9000,2012.0,17.53376906318083,11012.0,2025,2,February,Q1
ORD10602,2025-04-08,CUST271,Headphones,Electronics,4,2500,1600,0.0,Net Banking,East,Patna,Delivered,337,10000,0.0,10000.0,6400,3263.0,32.629999999999995,9663.0,2025,4,April,Q2
ORD10603,2025-03-13,CUST107,T-Shirt,Fashion,3,900,500,15.0,Credit Card,South,Hyderabad,Cancelled,370,2700,405.0,2295.0,1500,425.0,18.51851851851852,1925.0,2025,3,March,Q1
ORD10604,2025-04-13,CUST221,Headphones,Electronics,3,2500,1600,0.0,Cash on Delivery,East,Patna,Shipped,465,7500,0.0,7500.0,4800,2235.0,29.799999999999997,7035.0,2025,4,April,Q2
ORD10605,2025-02-25,CUST192,Shoes,Fashion,2,3500,2200,5.0,Debit Card,South,Bengaluru,Cancelled,151,7000,350.0,6650.0,4400,2099.0,31.563909774436087,6499.0,2025,2,February,Q1
ORD10606,2025-08-15,CUST149,Shoes,Fashion,3,3500,2200,10.0,Debit Card,South,Hyderabad,Delivered,393,10500,1050.0,9450.0,6600,2457.0,26.0,9057.0,2025,8,August,Q3
ORD10607,2025-12-25,CUST006,Shoes,Fashion,4,3500,2200,10.0,Debit Card,North,Jaipur,Cancelled,322,14000,1400.0,12600.0,8800,3478.0,27.6031746031746,12278.0,2025,12,December,Q4
ORD10608,2025-02-07,CUST244,Bookshelf,Furniture,3,7000,4800,20.0,Net Banking,North,Lucknow,Cancelled,420,21000,4200.0,16800.0,14400,1980.0,11.785714285714285,16380.0,2025,2,February,Q1
ORD10609,2025-10-26,CUST058,Coffee Maker,Home Appliances,4,4500,3000,5.0,UPI,North,Delhi,Delivered,318,18000,900.0,17100.0,12000,4782.0,27.964912280701753,16782.0,2025,10,October,Q4
ORD10610,2025-07-07,CUST252,Smartwatch,Electronics,2,5000,3300,10.0,Debit Card,South,Bengaluru,Cancelled,235,10000,1000.0,9000.0,6600,2165.0,24.055555555555554,8765.0,2025,7,July,Q3
ORD10611,2025-10-11,CUST296,Shoes,Fashion,1,3500,2200,5.0,UPI,South,Chennai,Returned,259,3500,175.0,3325.0,2200,866.0,26.045112781954888,3066.0,2025,10,October,Q4
ORD10612,2025-07-27,CUST137,Bookshelf,Furniture,2,7000,4800,15.0,Net Banking,South,Chennai,Returned,471,14000,2100.0,11900.0,9600,1829.0,15.369747899159664,11429.0,2025,7,July,Q3
ORD10613,2025-05-22,CUST067,Shoes,Fashion,1,3500,2200,0.0,Credit Card,South,Bengaluru,Cancelled,339,3500,0.0,3500.0,2200,961.0,27.45714285714286,3161.0,2025,5,May,Q2
ORD10614,2025-03-14,CUST010,Desk,Furniture,2,12000,8500,15.0,Debit Card,East,Kolkata,Delivered,497,24000,3600.0,20400.0,17000,2903.0,14.230392156862745,19903.0,2025,3,March,Q1
ORD10615,2025-07-14,CUST271,Shoes,Fashion,2,3500,2200,10.0,Debit Card,West,Pune,Delivered,162,7000,700.0,6300.0,4400,1738.0,27.58730158730159,6138.0,2025,7,July,Q3
ORD10616,2025-02-13,CUST140,T-Shirt,Fashion,2,900,500,5.0,Net Banking,West,Pune,Returned,400,1800,90.0,1710.0,1000,310.0,18.128654970760234,1310.0,2025,2,February,Q1
ORD10617,2025-09-03,CUST149,Backpack,Accessories,1,1800,1100,5.0,UPI,North,Delhi,Delivered,207,1800,90.0,1710.0,1100,403.0,23.567251461988302,1503.0,2025,9,September,Q3
ORD10618,2025-08-02,CUST294,Laptop,Electronics,1,55000,42000,20.0,Cash on Delivery,West,Mumbai,Returned,421,55000,11000.0,44000.0,42000,1579.0,3.5886363636363634,43579.0,2025,8,August,Q3
ORD10619,2025-10-29,CUST070,Coffee Maker,Home Appliances,1,4500,3000,20.0,UPI,East,Kolkata,Delivered,426,4500,900.0,3600.0,3000,174.0,4.833333333333333,3174.0,2025,10,October,Q4
ORD10620,2025-04-01,CUST214,Bookshelf,Furniture,2,7000,4800,20.0,Debit Card,South,Bengaluru,Delivered,276,14000,2800.0,11200.0,9600,1324.0,11.821428571428571,10924.0,2025,4,April,Q2
ORD10621,2025-06-29,CUST192,Coffee Maker,Home Appliances,1,4500,3000,10.0,Cash on Delivery,South,Hyderabad,Delivered,110,4500,450.0,4050.0,3000,940.0,23.209876543209877,3940.0,2025,6,June,Q2
ORD10622,2025-02-06,CUST197,Office Chair,Furniture,4,8500,6000,10.0,UPI,South,Bengaluru,Delivered,286,34000,3400.0,30600.0,24000,6314.0,20.633986928104576,30314.0,2025,2,February,Q1
ORD10623,2025-12-26,CUST267,Smartphone,Electronics,4,25000,19000,10.0,Net Banking,North,Delhi,Delivered,79,100000,10000.0,90000.0,76000,13921.0,15.467777777777778,89921.0,2025,12,December,Q4
ORD10624,2025-03-31,CUST220,Bookshelf,Furniture,1,7000,4800,10.0,Credit Card,South,Bengaluru,Cancelled,496,7000,700.0,6300.0,4800,1004.0,15.936507936507937,5804.0,2025,3,March,Q1
ORD10625,2025-08-11,CUST162,T-Shirt,Fashion,2,900,500,20.0,Net Banking,South,Bengaluru,Delivered,233,1800,360.0,1440.0,1000,207.0,14.374999999999998,1207.0,2025,8,August,Q3
ORD10626,2025-10-05,CUST249,Bookshelf,Furniture,4,7000,4800,20.0,Credit Card,North,Delhi,Cancelled,160,28000,5600.0,22400.0,19200,3040.0,13.571428571428571,22240.0,2025,10,October,Q4
ORD10627,2025-12-01,CUST008,Coffee Maker,Home Appliances,1,4500,3000,10.0,UPI,West,Pune,Delivered,257,4500,450.0,4050.0,3000,793.0,19.580246913580247,3793.0,2025,12,December,Q4
ORD10628,2025-05-21,CUST262,Desk,Furniture,1,12000,8500,0.0,Debit Card,East,Kolkata,Cancelled,127,12000,0.0,12000.0,8500,3373.0,28.108333333333334,11873.0,2025,5,May,Q2
ORD10629,2025-10-10,CUST245,Shoes,Fashion,1,3500,2200,0.0,Debit Card,West,Ahmedabad,Delivered,464,3500,0.0,3500.0,2200,836.0,23.885714285714286,3036.0,2025,10,October,Q4
ORD10630,2025-02-27,CUST026,Desk,Furniture,1,12000,8500,0.0,Cash on Delivery,West,Pune,Delivered,467,12000,0.0,12000.0,8500,3033.0,25.275,11533.0,2025,2,February,Q1
ORD10631,2025-07-17,CUST273,Smartwatch,Electronics,3,5000,3300,5.0,UPI,West,Ahmedabad,Cancelled,195,15000,750.0,14250.0,9900,4155.0,29.157894736842106,14055.0,2025,7,July,Q3
ORD10632,2025-01-19,CUST100,Backpack,Accessories,3,1800,1100,10.0,Debit Card,East,Bhubaneswar,Delivered,288,5400,540.0,4860.0,3300,1272.0,26.172839506172842,4572.0,2025,1,January,Q1
ORD10633,2025-11-13,CUST050,Bookshelf,Furniture,1,7000,4800,0.0,UPI,South,Chennai,Delivered,376,7000,0.0,7000.0,4800,1824.0,26.057142857142857,6624.0,2025,11,November,Q4
ORD10634,2025-11-10,CUST239,Smartwatch,Electronics,4,5000,3300,20.0,Net Banking,West,Ahmedabad,Delivered,417,20000,4000.0,16000.0,13200,2383.0,14.89375,15583.0,2025,11,November,Q4
ORD10635,2025-12-12,CUST287,Bookshelf,Furniture,4,7000,4800,20.0,Debit Card,West,Mumbai,Cancelled,243,28000,5600.0,22400.0,19200,2957.0,13.200892857142858,22157.0,2025,12,December,Q4
ORD10636,2025-09-28,CUST264,Shoes,Fashion,3,3500,2200,0.0,Net Banking,South,Chennai,Delivered,94,10500,0.0,10500.0,6600,3806.0,36.24761904761905,10406.0,2025,9,September,Q3
ORD10637,2025-05-05,CUST230,Backpack,Accessories,1,1800,1100,10.0,Credit Card,East,Kolkata,Delivered,335,1800,180.0,1620.0,1100,185.0,11.419753086419753,1285.0,2025,5,May,Q2
ORD10638,2025-08-09,CUST171,Office Chair,Furniture,3,8500,6000,15.0,Cash on Delivery,West,Pune,Returned,147,25500,3825.0,21675.0,18000,3528.0,16.27681660899654,21528.0,2025,8,August,Q3
ORD10639,2025-05-02,CUST093,Office Chair,Furniture,1,8500,6000,15.0,Credit Card,West,Ahmedabad,Delivered,53,8500,1275.0,7225.0,6000,1172.0,16.22145328719723,7172.0,2025,5,May,Q2
ORD10640,2025-04-06,CUST212,Shoes,Fashion,1,3500,2200,20.0,Debit Card,East,Kolkata,Returned,251,3500,700.0,2800.0,2200,349.0,12.464285714285714,2549.0,2025,4,April,Q2
ORD10641,2025-05-19,CUST297,Headphones,Electronics,3,2500,1600,0.0,Debit Card,East,Kolkata,Shipped,145,7500,0.0,7500.0,4800,2555.0,34.06666666666667,7355.0,2025,5,May,Q2
ORD10642,2025-10-18,CUST247,Desk,Furniture,2,12000,8500,0.0,Debit Card,South,Chennai,Shipped,199,24000,0.0,24000.0,17000,6801.0,28.3375,23801.0,2025,10,October,Q4
ORD10643,2025-01-03,CUST087,Mixer Grinder,Home Appliances,1,3500,2300,15.0,UPI,East,Kolkata,Delivered,125,3500,525.0,2975.0,2300,550.0,18.487394957983195,2850.0,2025,1,January,Q1
ORD10644,2025-08-21,CUST125,Laptop,Electronics,1,55000,42000,5.0,Cash on Delivery,East,Patna,Returned,132,55000,2750.0,52250.0,42000,10118.0,19.364593301435406,52118.0,2025,8,August,Q3
ORD10645,2025-01-30,CUST248,Smartwatch,Electronics,1,5000,3300,15.0,UPI,South,Bengaluru,Delivered,286,5000,750.0,4250.0,3300,664.0,15.623529411764705,3964.0,2025,1,January,Q1
ORD10646,2025-11-10,CUST116,Coffee Maker,Home Appliances,2,4500,3000,0.0,Credit Card,South,Hyderabad,Delivered,74,9000,0.0,9000.0,6000,2926.0,32.51111111111111,8926.0,2025,11,November,Q4
ORD10647,2025-01-11,CUST173,Headphones,Electronics,1,2500,1600,20.0,UPI,East,Patna,Cancelled,263,2500,500.0,2000.0,1600,137.0,6.8500000000000005,1737.0,2025,1,January,Q1
ORD10648,2025-05-01,CUST272,Smartphone,Electronics,2,25000,19000,5.0,UPI,East,Bhubaneswar,Delivered,103,50000,2500.0,47500.0,38000,9397.0,19.783157894736842,47397.0,2025,5,May,Q2
ORD10649,2025-07-06,CUST239,Smartphone,Electronics,2,25000,19000,0.0,Credit Card,North,Jaipur,Delivered,413,50000,0.0,50000.0,38000,11587.0,23.174,49587.0,2025,7,July,Q3
ORD10650,2025-09-03,CUST283,Bookshelf,Furniture,2,7000,4800,5.0,Net Banking,West,Mumbai,Delivered,364,14000,700.0,13300.0,9600,3336.0,25.082706766917294,12936.0,2025,9,September,Q3
ORD10651,2025-03-04,CUST292,Mixer Grinder,Home Appliances,1,3500,2300,0.0,Cash on Delivery,North,Delhi,Shipped,425,3500,0.0,3500.0,2300,775.0,22.142857142857142,3075.0,2025,3,March,Q1
ORD10652,2025-10-11,CUST076,Coffee Maker,Home Appliances,2,4500,3000,20.0,Cash on Delivery,West,Mumbai,Cancelled,224,9000,1800.0,7200.0,6000,976.0,13.555555555555557,6976.0,2025,10,October,Q4
ORD10653,2025-03-12,CUST293,Backpack,Accessories,1,1800,1100,15.0,Cash on Delivery,East,Kolkata,Delivered,173,1800,270.0,1530.0,1100,257.0,16.797385620915033,1357.0,2025,3,March,Q1
ORD10654,2025-10-02,CUST064,Smartwatch,Electronics,1,5000,3300,5.0,Cash on Delivery,West,Mumbai,Delivered,70,5000,250.0,4750.0,3300,1380.0,29.05263157894737,4680.0,2025,10,October,Q4
ORD10655,2025-10-12,CUST164,Backpack,Accessories,4,1800,1100,0.0,Credit Card,West,Mumbai,Cancelled,375,7200,0.0,7200.0,4400,2425.0,33.68055555555556,6825.0,2025,10,October,Q4
ORD10656,2025-12-22,CUST034,Smartphone,Electronics,2,25000,19000,20.0,Cash on Delivery,West,Pune,Delivered,324,50000,10000.0,40000.0,38000,1676.0,4.19,39676.0,2025,12,December,Q4
ORD10657,2025-01-22,CUST231,Desk,Furniture,4,12000,8500,15.0,Debit Card,West,Mumbai,Delivered,416,48000,7200.0,40800.0,34000,6384.0,15.647058823529411,40384.0,2025,1,January,Q1
ORD10658,2025-04-26,CUST009,Desk,Furniture,3,12000,8500,0.0,Net Banking,West,Ahmedabad,Delivered,197,36000,0.0,36000.0,25500,10303.0,28.61944444444444,35803.0,2025,4,April,Q2
ORD10659,2025-12-09,CUST278,Smartphone,Electronics,2,25000,19000,10.0,Credit Card,West,Pune,Delivered,214,50000,5000.0,45000.0,38000,6786.0,15.079999999999998,44786.0,2025,12,December,Q4
ORD10660,2025-03-18,CUST095,Bookshelf,Furniture,2,7000,4800,0.0,Net Banking,North,Lucknow,Delivered,155,14000,0.0,14000.0,9600,4245.0,30.321428571428573,13845.0,2025,3,March,Q1
ORD10661,2025-12-07,CUST181,Coffee Maker,Home Appliances,1,4500,3000,10.0,Credit Card,North,Jaipur,Delivered,144,4500,450.0,4050.0,3000,906.0,22.37037037037037,3906.0,2025,12,December,Q4
ORD10662,2025-05-10,CUST144,Smartwatch,Electronics,2,5000,3300,15.0,Cash on Delivery,East,Kolkata,Returned,322,10000,1500.0,8500.0,6600,1578.0,18.564705882352943,8178.0,2025,5,May,Q2
ORD10663,2025-05-09,CUST095,Mixer Grinder,Home Appliances,3,3500,2300,20.0,UPI,South,Chennai,Delivered,53,10500,2100.0,8400.0,6900,1447.0,17.226190476190474,8347.0,2025,5,May,Q2
ORD10664,2025-11-17,CUST106,Mixer Grinder,Home Appliances,3,3500,2300,15.0,Credit Card,East,Bhubaneswar,Delivered,230,10500,1575.0,8925.0,6900,1795.0,20.11204481792717,8695.0,2025,11,November,Q4
ORD10665,2025-04-18,CUST171,Shoes,Fashion,3,3500,2200,5.0,Debit Card,West,Mumbai,Shipped,345,10500,525.0,9975.0,6600,3030.0,30.37593984962406,9630.0,2025,4,April,Q2
ORD10666,2025-07-14,CUST182,Headphones,Electronics,2,2500,1600,10.0,Credit Card,East,Bhubaneswar,Delivered,418,5000,500.0,4500.0,3200,882.0,19.6,4082.0,2025,7,July,Q3
ORD10667,2025-07-01,CUST284,Smartphone,Electronics,2,25000,19000,15.0,UPI,East,Bhubaneswar,Shipped,215,50000,7500.0,42500.0,38000,4285.0,10.08235294117647,42285.0,2025,7,July,Q3
ORD10668,2025-10-25,CUST042,Coffee Maker,Home Appliances,4,4500,3000,0.0,Cash on Delivery,East,Bhubaneswar,Cancelled,382,18000,0.0,18000.0,12000,5618.0,31.211111111111112,17618.0,2025,10,October,Q4
ORD10669,2025-08-30,CUST162,Desk,Furniture,3,12000,8500,10.0,Credit Card,South,Hyderabad,Delivered,90,36000,3600.0,32400.0,25500,6810.0,21.01851851851852,32310.0,2025,8,August,Q3
ORD10670,2025-03-14,CUST010,Smartphone,Electronics,4,25000,19000,5.0,UPI,East,Bhubaneswar,Delivered,250,100000,5000.0,95000.0,76000,18750.0,19.736842105263158,94750.0,2025,3,March,Q1
ORD10671,2025-03-01,CUST124,Smartwatch,Electronics,2,5000,3300,0.0,Net Banking,South,Bengaluru,Cancelled,484,10000,0.0,10000.0,6600,2916.0,29.160000000000004,9516.0,2025,3,March,Q1
ORD10672,2025-06-08,CUST015,Mixer Grinder,Home Appliances,1,3500,2300,5.0,Net Banking,North,Lucknow,Shipped,334,3500,175.0,3325.0,2300,691.0,20.781954887218046,2991.0,2025,6,June,Q2
ORD10673,2025-05-05,CUST110,Bookshelf,Furniture,3,7000,4800,20.0,Cash on Delivery,West,Mumbai,Delivered,443,21000,4200.0,16800.0,14400,1957.0,11.648809523809524,16357.0,2025,5,May,Q2
ORD10674,2025-05-08,CUST036,Shoes,Fashion,2,3500,2200,15.0,Cash on Delivery,North,Lucknow,Delivered,199,7000,1050.0,5950.0,4400,1351.0,22.705882352941174,5751.0,2025,5,May,Q2
ORD10675,2025-08-05,CUST164,Desk,Furniture,4,12000,8500,0.0,Net Banking,West,Mumbai,Delivered,478,48000,0.0,48000.0,34000,13522.0,28.170833333333334,47522.0,2025,8,August,Q3
ORD10676,2025-05-31,CUST187,Desk,Furniture,4,12000,8500,20.0,Cash on Delivery,North,Jaipur,Delivered,172,48000,9600.0,38400.0,34000,4228.0,11.010416666666668,38228.0,2025,5,May,Q2
ORD10677,2025-08-31,CUST087,Office Chair,Furniture,2,8500,6000,15.0,Cash on Delivery,South,Chennai,Returned,449,17000,2550.0,14450.0,12000,2001.0,13.847750865051903,14001.0,2025,8,August,Q3
ORD10678,2025-06-18,CUST261,Bookshelf,Furniture,2,7000,4800,15.0,Cash on Delivery,North,Delhi,Delivered,147,14000,2100.0,11900.0,9600,2153.0,18.092436974789916,11753.0,2025,6,June,Q2
ORD10679,2025-04-14,CUST043,Smartwatch,Electronics,4,5000,3300,10.0,UPI,South,Bengaluru,Shipped,255,20000,2000.0,18000.0,13200,4545.0,25.25,17745.0,2025,4,April,Q2
ORD10680,2025-03-24,CUST212,Headphones,Electronics,2,2500,1600,20.0,Debit Card,North,Delhi,Shipped,300,5000,1000.0,4000.0,3200,500.0,12.5,3700.0,2025,3,March,Q1
ORD10681,2025-04-05,CUST219,T-Shirt,Fashion,2,900,500,5.0,UPI,West,Ahmedabad,Returned,478,1800,90.0,1710.0,1000,232.0,13.567251461988302,1232.0,2025,4,April,Q2
ORD10682,2025-12-09,CUST054,Laptop,Electronics,4,55000,42000,10.0,Debit Card,West,Mumbai,Shipped,472,220000,22000.0,198000.0,168000,29528.0,14.913131313131315,197528.0,2025,12,December,Q4
ORD10683,2025-01-16,CUST193,Desk,Furniture,3,12000,8500,15.0,Credit Card,East,Kolkata,Shipped,95,36000,5400.0,30600.0,25500,5005.0,16.356209150326798,30505.0,2025,1,January,Q1
ORD10684,2025-07-13,CUST008,Laptop,Electronics,1,55000,42000,15.0,Cash on Delivery,North,Delhi,Delivered,375,55000,8250.0,46750.0,42000,4375.0,9.358288770053475,46375.0,2025,7,July,Q3
ORD10685,2025-07-07,CUST204,Laptop,Electronics,3,55000,42000,20.0,Net Banking,North,Jaipur,Shipped,413,165000,33000.0,132000.0,126000,5587.0,4.232575757575758,131587.0,2025,7,July,Q3
ORD10686,2025-06-16,CUST102,Smartwatch,Electronics,4,5000,3300,10.0,Debit Card,South,Hyderabad,Shipped,324,20000,2000.0,18000.0,13200,4476.0,24.866666666666667,17676.0,2025,6,June,Q2
ORD10687,2025-03-27,CUST043,Mixer Grinder,Home Appliances,4,3500,2300,15.0,Debit Card,East,Bhubaneswar,Delivered,160,14000,2100.0,11900.0,9200,2540.0,21.34453781512605,11740.0,2025,3,March,Q1
ORD10688,2025-12-12,CUST299,Shoes,Fashion,4,3500,2200,10.0,Cash on Delivery,East,Kolkata,Delivered,75,14000,1400.0,12600.0,8800,3725.0,29.563492063492063,12525.0,2025,12,December,Q4
ORD10689,2025-07-30,CUST207,T-Shirt,Fashion,4,900,500,10.0,Debit Card,West,Mumbai,Delivered,317,3600,360.0,3240.0,2000,923.0,28.487654320987655,2923.0,2025,7,July,Q3
ORD10690,2025-01-11,CUST275,Coffee Maker,Home Appliances,2,4500,3000,5.0,Net Banking,East,Patna,Cancelled,476,9000,450.0,8550.0,6000,2074.0,24.257309941520468,8074.0,2025,1,January,Q1
ORD10691,2025-08-08,CUST052,Laptop,Electronics,1,55000,42000,10.0,Debit Card,East,Kolkata,Returned,281,55000,5500.0,49500.0,42000,7219.0,14.583838383838385,49219.0,2025,8,August,Q3
ORD10692,2025-06-03,CUST051,Smartwatch,Electronics,2,5000,3300,15.0,Cash on Delivery,South,Hyderabad,Shipped,476,10000,1500.0,8500.0,6600,1424.0,16.752941176470586,8024.0,2025,6,June,Q2
ORD10693,2025-07-27,CUST118,Office Chair,Furniture,1,8500,6000,20.0,UPI,South,Chennai,Delivered,138,8500,1700.0,6800.0,6000,662.0,9.735294117647058,6662.0,2025,7,July,Q3
ORD10694,2025-03-16,CUST122,Desk,Furniture,4,12000,8500,0.0,Debit Card,West,Mumbai,Delivered,56,48000,0.0,48000.0,34000,13944.0,29.049999999999997,47944.0,2025,3,March,Q1
ORD10695,2025-08-03,CUST235,Desk,Furniture,1,12000,8500,5.0,UPI,South,Hyderabad,Delivered,77,12000,600.0,11400.0,8500,2823.0,24.763157894736842,11323.0,2025,8,August,Q3
ORD10696,2025-01-29,CUST270,T-Shirt,Fashion,3,900,500,0.0,Debit Card,West,Ahmedabad,Cancelled,213,2700,0.0,2700.0,1500,987.0,36.55555555555556,2487.0,2025,1,January,Q1
ORD10697,2025-07-27,CUST173,Bookshelf,Furniture,2,7000,4800,15.0,UPI,North,Delhi,Delivered,142,14000,2100.0,11900.0,9600,2158.0,18.134453781512605,11758.0,2025,7,July,Q3
ORD10698,2025-02-16,CUST087,Desk,Furniture,1,12000,8500,15.0,UPI,East,Kolkata,Delivered,471,12000,1800.0,10200.0,8500,1229.0,12.049019607843137,9729.0,2025,2,February,Q1
ORD10699,2025-12-03,CUST138,Backpack,Accessories,2,1800,1100,0.0,UPI,West,Ahmedabad,Returned,218,3600,0.0,3600.0,2200,1182.0,32.83333333333333,3382.0,2025,12,December,Q4
ORD10700,2025-11-04,CUST188,Smartphone,Electronics,1,25000,19000,0.0,Credit Card,West,Ahmedabad,Delivered,285,25000,0.0,25000.0,19000,5715.0,22.86,24715.0,2025,11,November,Q4
ORD10701,2025-08-06,CUST178,Laptop,Electronics,4,55000,42000,0.0,UPI,West,Mumbai,Shipped,120,220000,0.0,220000.0,168000,51880.0,23.581818181818182,219880.0,2025,8,August,Q3
ORD10702,2025-09-10,CUST244,Headphones,Electronics,4,2500,1600,10.0,Debit Card,South,Chennai,Delivered,341,10000,1000.0,9000.0,6400,2259.0,25.1,8659.0,2025,9,September,Q3
ORD10703,2025-05-26,CUST016,Mixer Grinder,Home Appliances,4,3500,2300,15.0,Debit Card,South,Hyderabad,Returned,462,14000,2100.0,11900.0,9200,2238.0,18.80672268907563,11438.0,2025,5,May,Q2
ORD10704,2025-01-31,CUST039,Mixer Grinder,Home Appliances,4,3500,2300,20.0,Credit Card,East,Patna,Returned,66,14000,2800.0,11200.0,9200,1934.0,17.267857142857142,11134.0,2025,1,January,Q1
ORD10705,2025-01-30,CUST108,T-Shirt,Fashion,2,900,500,10.0,Net Banking,West,Mumbai,Cancelled,115,1800,180.0,1620.0,1000,505.0,31.17283950617284,1505.0,2025,1,January,Q1
ORD10706,2025-03-31,CUST087,Smartwatch,Electronics,1,5000,3300,20.0,Credit Card,North,Lucknow,Shipped,306,5000,1000.0,4000.0,3300,394.0,9.85,3694.0,2025,3,March,Q1
ORD10707,2025-02-13,CUST095,Desk,Furniture,4,12000,8500,10.0,Cash on Delivery,West,Ahmedabad,Cancelled,150,48000,4800.0,43200.0,34000,9050.0,20.949074074074073,43050.0,2025,2,February,Q1
ORD10708,2025-02-02,CUST118,T-Shirt,Fashion,2,900,500,20.0,Debit Card,East,Kolkata,Returned,61,1800,360.0,1440.0,1000,379.0,26.319444444444446,1379.0,2025,2,February,Q1
ORD10709,2025-11-28,CUST235,T-Shirt,Fashion,3,900,500,20.0,Cash on Delivery,West,Ahmedabad,Returned,210,2700,540.0,2160.0,1500,450.0,20.833333333333336,1950.0,2025,11,November,Q4
ORD10710,2025-06-21,CUST135,Smartphone,Electronics,2,25000,19000,5.0,Debit Card,West,Mumbai,Delivered,308,50000,2500.0,47500.0,38000,9192.0,19.351578947368424,47192.0,2025,6,June,Q2
ORD10711,2025-07-05,CUST095,Bookshelf,Furniture,1,7000,4800,15.0,Credit Card,West,Ahmedabad,Delivered,492,7000,1050.0,5950.0,4800,658.0,11.058823529411764,5458.0,2025,7,July,Q3
ORD10712,2025-07-29,CUST093,Smartwatch,Electronics,4,5000,3300,0.0,Credit Card,East,Patna,Delivered,147,20000,0.0,20000.0,13200,6653.0,33.265,19853.0,2025,7,July,Q3
ORD10713,2025-01-25,CUST055,Desk,Furniture,3,12000,8500,0.0,Debit Card,East,Kolkata,Returned,134,36000,0.0,36000.0,25500,10366.0,28.794444444444444,35866.0,2025,1,January,Q1
ORD10714,2025-08-12,CUST265,Backpack,Accessories,4,1800,1100,10.0,Credit Card,East,Bhubaneswar,Shipped,168,7200,720.0,6480.0,4400,1912.0,29.506172839506174,6312.0,2025,8,August,Q3
ORD10715,2025-08-03,CUST251,Desk,Furniture,1,12000,8500,5.0,Credit Card,West,Pune,Returned,102,12000,600.0,11400.0,8500,2798.0,24.54385964912281,11298.0,2025,8,August,Q3
ORD10716,2025-12-05,CUST035,Backpack,Accessories,2,1800,1100,15.0,Net Banking,East,Patna,Returned,78,3600,540.0,3060.0,2200,782.0,25.555555555555554,2982.0,2025,12,December,Q4
ORD10717,2025-03-08,CUST175,Desk,Furniture,4,12000,8500,5.0,Net Banking,North,Jaipur,Delivered,389,48000,2400.0,45600.0,34000,11211.0,24.585526315789473,45211.0,2025,3,March,Q1
ORD10718,2025-02-14,CUST009,Office Chair,Furniture,4,8500,6000,20.0,Net Banking,North,Jaipur,Cancelled,244,34000,6800.0,27200.0,24000,2956.0,10.867647058823529,26956.0,2025,2,February,Q1
ORD10719,2025-11-23,CUST278,Office Chair,Furniture,3,8500,6000,5.0,UPI,South,Hyderabad,Shipped,474,25500,1275.0,24225.0,18000,5751.0,23.739938080495357,23751.0,2025,11,November,Q4
ORD10720,2025-09-23,CUST012,Bookshelf,Furniture,3,7000,4800,0.0,UPI,North,Delhi,Delivered,355,21000,0.0,21000.0,14400,6245.0,29.738095238095237,20645.0,2025,9,September,Q3
ORD10721,2025-11-30,CUST279,Bookshelf,Furniture,1,7000,4800,15.0,Debit Card,East,Kolkata,Cancelled,426,7000,1050.0,5950.0,4800,724.0,12.168067226890757,5524.0,2025,11,November,Q4
ORD10722,2025-01-25,CUST284,Office Chair,Furniture,2,8500,6000,20.0,Credit Card,East,Patna,Delivered,92,17000,3400.0,13600.0,12000,1508.0,11.088235294117647,13508.0,2025,1,January,Q1
ORD10723,2025-04-02,CUST111,Bookshelf,Furniture,3,7000,4800,10.0,UPI,South,Hyderabad,Delivered,209,21000,2100.0,18900.0,14400,4291.0,22.703703703703702,18691.0,2025,4,April,Q2
ORD10724,2025-03-09,CUST006,Bookshelf,Furniture,2,7000,4800,0.0,Cash on Delivery,North,Delhi,Shipped,372,14000,0.0,14000.0,9600,4028.0,28.77142857142857,13628.0,2025,3,March,Q1
ORD10725,2025-05-28,CUST066,Office Chair,Furniture,2,8500,6000,5.0,Credit Card,South,Hyderabad,Returned,416,17000,850.0,16150.0,12000,3734.0,23.120743034055728,15734.0,2025,5,May,Q2
ORD10726,2025-04-24,CUST203,Smartphone,Electronics,3,25000,19000,0.0,Debit Card,East,Bhubaneswar,Delivered,488,75000,0.0,75000.0,57000,17512.0,23.349333333333334,74512.0,2025,4,April,Q2
ORD10727,2025-01-26,CUST216,Backpack,Accessories,2,1800,1100,20.0,UPI,West,Pune,Delivered,477,3600,720.0,2880.0,2200,203.0,7.048611111111111,2403.0,2025,1,January,Q1
ORD10728,2025-08-02,CUST076,Headphones,Electronics,3,2500,1600,10.0,Net Banking,East,Patna,Delivered,387,7500,750.0,6750.0,4800,1563.0,23.155555555555555,6363.0,2025,8,August,Q3
ORD10729,2025-10-16,CUST180,Bookshelf,Furniture,3,7000,4800,15.0,Cash on Delivery,East,Patna,Cancelled,428,21000,3150.0,17850.0,14400,3022.0,16.92997198879552,17422.0,2025,10,October,Q4
ORD10730,2025-04-09,CUST080,Laptop,Electronics,2,55000,42000,10.0,Cash on Delivery,West,Pune,Cancelled,217,110000,11000.0,99000.0,84000,14783.0,14.932323232323233,98783.0,2025,4,April,Q2
ORD10731,2025-11-06,CUST173,Backpack,Accessories,2,1800,1100,15.0,Net Banking,East,Bhubaneswar,Returned,468,3600,540.0,3060.0,2200,392.0,12.810457516339868,2592.0,2025,11,November,Q4
ORD10732,2025-03-26,CUST065,Backpack,Accessories,2,1800,1100,20.0,Debit Card,West,Ahmedabad,Returned,458,3600,720.0,2880.0,2200,222.0,7.708333333333334,2422.0,2025,3,March,Q1
ORD10733,2025-12-18,CUST225,Mixer Grinder,Home Appliances,2,3500,2300,20.0,Cash on Delivery,East,Patna,Delivered,195,7000,1400.0,5600.0,4600,805.0,14.374999999999998,5405.0,2025,12,December,Q4
ORD10734,2025-12-13,CUST168,Backpack,Accessories,1,1800,1100,15.0,Debit Card,South,Bengaluru,Delivered,137,1800,270.0,1530.0,1100,293.0,19.150326797385624,1393.0,2025,12,December,Q4
ORD10735,2025-12-06,CUST245,Backpack,Accessories,3,1800,1100,10.0,Cash on Delivery,North,Lucknow,Delivered,186,5400,540.0,4860.0,3300,1374.0,28.271604938271604,4674.0,2025,12,December,Q4
ORD10736,2025-10-23,CUST177,Office Chair,Furniture,4,8500,6000,20.0,Net Banking,East,Kolkata,Shipped,126,34000,6800.0,27200.0,24000,3074.0,11.301470588235295,27074.0,2025,10,October,Q4
ORD10737,2025-04-02,CUST025,Desk,Furniture,1,12000,8500,15.0,Credit Card,West,Pune,Delivered,474,12000,1800.0,10200.0,8500,1226.0,12.019607843137255,9726.0,2025,4,April,Q2
ORD10738,2025-11-27,CUST075,T-Shirt,Fashion,1,900,500,20.0,Credit Card,West,Ahmedabad,Delivered,87,900,180.0,720.0,500,133.0,18.47222222222222,633.0,2025,11,November,Q4
ORD10739,2025-12-21,CUST241,Backpack,Accessories,1,1800,1100,10.0,Net Banking,West,Pune,Shipped,195,1800,180.0,1620.0,1100,325.0,20.061728395061728,1425.0,2025,12,December,Q4
ORD10740,2025-07-09,CUST126,Shoes,Fashion,1,3500,2200,15.0,Debit Card,North,Jaipur,Delivered,202,3500,525.0,2975.0,2200,573.0,19.26050420168067,2773.0,2025,7,July,Q3
ORD10741,2025-08-09,CUST016,T-Shirt,Fashion,3,900,500,10.0,Debit Card,North,Lucknow,Delivered,74,2700,270.0,2430.0,1500,856.0,35.22633744855967,2356.0,2025,8,August,Q3
ORD10742,2025-12-02,CUST045,Laptop,Electronics,4,55000,42000,5.0,Cash on Delivery,East,Kolkata,Delivered,83,220000,11000.0,209000.0,168000,40917.0,19.57751196172249,208917.0,2025,12,December,Q4
ORD10743,2025-02-17,CUST030,Desk,Furniture,3,12000,8500,5.0,UPI,South,Hyderabad,Delivered,59,36000,1800.0,34200.0,25500,8641.0,25.26608187134503,34141.0,2025,2,February,Q1
ORD10744,2025-03-29,CUST015,Smartphone,Electronics,4,25000,19000,20.0,Net Banking,East,Bhubaneswar,Returned,378,100000,20000.0,80000.0,76000,3622.0,4.5275,79622.0,2025,3,March,Q1
ORD10745,2025-04-19,CUST209,Shoes,Fashion,1,3500,2200,5.0,Debit Card,South,Hyderabad,Delivered,437,3500,175.0,3325.0,2200,688.0,20.69172932330827,2888.0,2025,4,April,Q2
ORD10746,2025-09-04,CUST146,Smartwatch,Electronics,1,5000,3300,15.0,Credit Card,West,Pune,Shipped,128,5000,750.0,4250.0,3300,822.0,19.341176470588238,4122.0,2025,9,September,Q3
ORD10747,2025-04-19,CUST105,Smartwatch,Electronics,2,5000,3300,20.0,Debit Card,East,Kolkata,Returned,144,10000,2000.0,8000.0,6600,1256.0,15.7,7856.0,2025,4,April,Q2
ORD10748,2025-09-24,CUST164,T-Shirt,Fashion,3,900,500,20.0,Cash on Delivery,West,Pune,Delivered,347,2700,540.0,2160.0,1500,313.0,14.49074074074074,1813.0,2025,9,September,Q3
ORD10749,2025-03-14,CUST060,Office Chair,Furniture,4,8500,6000,5.0,Cash on Delivery,East,Kolkata,Returned,295,34000,1700.0,32300.0,24000,8005.0,24.78328173374613,32005.0,2025,3,March,Q1
ORD10750,2025-07-16,CUST276,Coffee Maker,Home Appliances,3,4500,3000,0.0,Net Banking,North,Jaipur,Returned,336,13500,0.0,13500.0,9000,4164.0,30.844444444444445,13164.0,2025,7,July,Q3
ORD10751,2025-06-02,CUST220,Laptop,Electronics,1,55000,42000,5.0,Credit Card,North,Lucknow,Returned,408,55000,2750.0,52250.0,42000,9842.0,18.836363636363636,51842.0,2025,6,June,Q2
ORD10752,2025-07-05,CUST192,Desk,Furniture,3,12000,8500,5.0,Cash on Delivery,North,Jaipur,Delivered,124,36000,1800.0,34200.0,25500,8576.0,25.076023391812864,34076.0,2025,7,July,Q3
ORD10753,2025-11-14,CUST015,Desk,Furniture,4,12000,8500,0.0,UPI,East,Patna,Delivered,373,48000,0.0,48000.0,34000,13627.0,28.389583333333334,47627.0,2025,11,November,Q4
ORD10754,2025-07-02,CUST100,Backpack,Accessories,2,1800,1100,0.0,Debit Card,North,Jaipur,Delivered,407,3600,0.0,3600.0,2200,993.0,27.583333333333332,3193.0,2025,7,July,Q3
ORD10755,2025-08-20,CUST080,T-Shirt,Fashion,3,900,500,5.0,Net Banking,West,Ahmedabad,Delivered,269,2700,135.0,2565.0,1500,796.0,31.033138401559455,2296.0,2025,8,August,Q3
ORD10756,2025-07-10,CUST155,Coffee Maker,Home Appliances,1,4500,3000,20.0,Credit Card,North,Delhi,Delivered,56,4500,900.0,3600.0,3000,544.0,15.11111111111111,3544.0,2025,7,July,Q3
ORD10757,2025-01-06,CUST134,Smartwatch,Electronics,4,5000,3300,5.0,Cash on Delivery,South,Hyderabad,Cancelled,264,20000,1000.0,19000.0,13200,5536.0,29.136842105263156,18736.0,2025,1,January,Q1
ORD10758,2025-12-03,CUST115,T-Shirt,Fashion,2,900,500,10.0,Credit Card,South,Bengaluru,Delivered,75,1800,180.0,1620.0,1000,545.0,33.641975308641975,1545.0,2025,12,December,Q4
ORD10759,2025-06-15,CUST176,Headphones,Electronics,1,2500,1600,10.0,Cash on Delivery,East,Patna,Cancelled,139,2500,250.0,2250.0,1600,511.0,22.711111111111112,2111.0,2025,6,June,Q2
ORD10760,2025-08-10,CUST112,Shoes,Fashion,3,3500,2200,10.0,Debit Card,South,Bengaluru,Returned,325,10500,1050.0,9450.0,6600,2525.0,26.71957671957672,9125.0,2025,8,August,Q3
ORD10761,2025-06-06,CUST246,T-Shirt,Fashion,3,900,500,15.0,Cash on Delivery,North,Delhi,Returned,84,2700,405.0,2295.0,1500,711.0,30.980392156862745,2211.0,2025,6,June,Q2
ORD10762,2025-08-07,CUST041,Mixer Grinder,Home Appliances,4,3500,2300,15.0,Debit Card,North,Delhi,Delivered,136,14000,2100.0,11900.0,9200,2564.0,21.54621848739496,11764.0,2025,8,August,Q3
ORD10763,2025-06-27,CUST187,Coffee Maker,Home Appliances,3,4500,3000,15.0,UPI,West,Pune,Delivered,214,13500,2025.0,11475.0,9000,2261.0,19.703703703703702,11261.0,2025,6,June,Q2
ORD10764,2025-06-24,CUST270,Office Chair,Furniture,2,8500,6000,10.0,Cash on Delivery,North,Jaipur,Shipped,165,17000,1700.0,15300.0,12000,3135.0,20.49019607843137,15135.0,2025,6,June,Q2
ORD10765,2025-01-24,CUST206,Laptop,Electronics,4,55000,42000,5.0,Credit Card,East,Bhubaneswar,Returned,99,220000,11000.0,209000.0,168000,40901.0,19.569856459330143,208901.0,2025,1,January,Q1
ORD10766,2025-09-28,CUST264,Desk,Furniture,2,12000,8500,15.0,Debit Card,East,Patna,Cancelled,296,24000,3600.0,20400.0,17000,3104.0,15.215686274509805,20104.0,2025,9,September,Q3
ORD10767,2025-12-18,CUST269,T-Shirt,Fashion,1,900,500,15.0,UPI,North,Lucknow,Delivered,290,900,135.0,765.0,500,-25.0,-3.2679738562091507,475.0,2025,12,December,Q4
ORD10768,2025-12-15,CUST192,Bookshelf,Furniture,2,7000,4800,5.0,Cash on Delivery,South,Hyderabad,Delivered,464,14000,700.0,13300.0,9600,3236.0,24.330827067669173,12836.0,2025,12,December,Q4
ORD10769,2025-12-13,CUST089,Desk,Furniture,2,12000,8500,5.0,Cash on Delivery,South,Chennai,Delivered,258,24000,1200.0,22800.0,17000,5542.0,24.30701754385965,22542.0,2025,12,December,Q4
ORD10770,2025-01-22,CUST122,Office Chair,Furniture,3,8500,6000,20.0,UPI,West,Pune,Delivered,321,25500,5100.0,20400.0,18000,2079.0,10.191176470588236,20079.0,2025,1,January,Q1
ORD10771,2025-05-10,CUST081,Laptop,Electronics,4,55000,42000,20.0,UPI,East,Kolkata,Shipped,472,220000,44000.0,176000.0,168000,7528.0,4.277272727272727,175528.0,2025,5,May,Q2
ORD10772,2025-01-16,CUST201,Office Chair,Furniture,3,8500,6000,0.0,Cash on Delivery,West,Mumbai,Delivered,214,25500,0.0,25500.0,18000,7286.0,28.572549019607845,25286.0,2025,1,January,Q1
ORD10773,2025-09-22,CUST214,T-Shirt,Fashion,3,900,500,15.0,Credit Card,North,Lucknow,Returned,391,2700,405.0,2295.0,1500,404.0,17.603485838779957,1904.0,2025,9,September,Q3
ORD10774,2025-04-07,CUST097,Desk,Furniture,2,12000,8500,0.0,UPI,East,Patna,Delivered,432,24000,0.0,24000.0,17000,6568.0,27.366666666666667,23568.0,2025,4,April,Q2
ORD10775,2025-10-10,CUST161,Smartwatch,Electronics,3,5000,3300,10.0,Net Banking,North,Lucknow,Delivered,81,15000,1500.0,13500.0,9900,3519.0,26.066666666666666,13419.0,2025,10,October,Q4
ORD10776,2025-08-16,CUST056,T-Shirt,Fashion,4,900,500,5.0,UPI,South,Bengaluru,Shipped,136,3600,180.0,3420.0,2000,1284.0,37.54385964912281,3284.0,2025,8,August,Q3
ORD10777,2025-07-01,CUST171,Shoes,Fashion,1,3500,2200,0.0,Cash on Delivery,North,Lucknow,Delivered,278,3500,0.0,3500.0,2200,1022.0,29.2,3222.0,2025,7,July,Q3
ORD10778,2025-07-01,CUST196,Laptop,Electronics,3,55000,42000,5.0,Debit Card,North,Lucknow,Returned,403,165000,8250.0,156750.0,126000,30347.0,19.36012759170654,156347.0,2025,7,July,Q3
ORD10779,2025-04-16,CUST068,Shoes,Fashion,3,3500,2200,5.0,UPI,North,Lucknow,Delivered,242,10500,525.0,9975.0,6600,3133.0,31.408521303258148,9733.0,2025,4,April,Q2
ORD10780,2025-10-12,CUST009,Smartphone,Electronics,1,25000,19000,5.0,Debit Card,East,Patna,Returned,383,25000,1250.0,23750.0,19000,4367.0,18.38736842105263,23367.0,2025,10,October,Q4
ORD10781,2025-07-03,CUST065,Bookshelf,Furniture,3,7000,4800,15.0,UPI,East,Kolkata,Delivered,460,21000,3150.0,17850.0,14400,2990.0,16.750700280112042,17390.0,2025,7,July,Q3
ORD10782,2025-03-24,CUST099,Shoes,Fashion,2,3500,2200,0.0,Cash on Delivery,South,Bengaluru,Cancelled,488,7000,0.0,7000.0,4400,2112.0,30.17142857142857,6512.0,2025,3,March,Q1
ORD10783,2025-05-06,CUST042,Mixer Grinder,Home Appliances,1,3500,2300,10.0,Credit Card,West,Mumbai,Delivered,474,3500,350.0,3150.0,2300,376.0,11.936507936507937,2676.0,2025,5,May,Q2
ORD10784,2025-05-02,CUST110,Smartphone,Electronics,1,25000,19000,0.0,Debit Card,South,Bengaluru,Returned,256,25000,0.0,25000.0,19000,5744.0,22.976,24744.0,2025,5,May,Q2
ORD10785,2025-10-18,CUST198,Headphones,Electronics,2,2500,1600,20.0,Cash on Delivery,South,Hyderabad,Delivered,434,5000,1000.0,4000.0,3200,366.0,9.15,3566.0,2025,10,October,Q4
ORD10786,2025-08-07,CUST061,Headphones,Electronics,1,2500,1600,20.0,Credit Card,North,Delhi,Delivered,65,2500,500.0,2000.0,1600,335.0,16.75,1935.0,2025,8,August,Q3
ORD10787,2025-03-15,CUST187,Laptop,Electronics,4,55000,42000,10.0,Net Banking,West,Mumbai,Shipped,322,220000,22000.0,198000.0,168000,29678.0,14.988888888888887,197678.0,2025,3,March,Q1
ORD10788,2025-12-01,CUST078,Backpack,Accessories,2,1800,1100,20.0,Debit Card,East,Bhubaneswar,Delivered,255,3600,720.0,2880.0,2200,425.0,14.756944444444445,2625.0,2025,12,December,Q4
ORD10789,2025-05-05,CUST150,Coffee Maker,Home Appliances,1,4500,3000,20.0,UPI,North,Lucknow,Delivered,189,4500,900.0,3600.0,3000,411.0,11.416666666666666,3411.0,2025,5,May,Q2
ORD10790,2025-08-27,CUST211,Laptop,Electronics,1,55000,42000,5.0,Credit Card,West,Ahmedabad,Cancelled,247,55000,2750.0,52250.0,42000,10003.0,19.144497607655502,52003.0,2025,8,August,Q3
ORD10791,2025-01-23,CUST044,Laptop,Electronics,2,55000,42000,20.0,Debit Card,South,Bengaluru,Delivered,440,110000,22000.0,88000.0,84000,3560.0,4.045454545454545,87560.0,2025,1,January,Q1
ORD10792,2025-04-19,CUST069,Laptop,Electronics,3,55000,42000,10.0,Cash on Delivery,West,Mumbai,Delivered,234,165000,16500.0,148500.0,126000,22266.0,14.993939393939392,148266.0,2025,4,April,Q2
ORD10793,2025-04-07,CUST035,Backpack,Accessories,4,1800,1100,20.0,Debit Card,East,Kolkata,Returned,203,7200,1440.0,5760.0,4400,1157.0,20.086805555555557,5557.0,2025,4,April,Q2
ORD10794,2025-06-18,CUST032,Smartphone,Electronics,1,25000,19000,10.0,Credit Card,North,Delhi,Delivered,363,25000,2500.0,22500.0,19000,3137.0,13.942222222222222,22137.0,2025,6,June,Q2
ORD10795,2025-01-01,CUST006,Backpack,Accessories,1,1800,1100,15.0,Credit Card,South,Hyderabad,Returned,273,1800,270.0,1530.0,1100,157.0,10.261437908496731,1257.0,2025,1,January,Q1
ORD10796,2025-06-07,CUST209,Coffee Maker,Home Appliances,4,4500,3000,20.0,UPI,North,Lucknow,Delivered,175,18000,3600.0,14400.0,12000,2225.0,15.45138888888889,14225.0,2025,6,June,Q2
ORD10797,2025-11-03,CUST208,Headphones,Electronics,4,2500,1600,15.0,UPI,East,Kolkata,Returned,105,10000,1500.0,8500.0,6400,1995.0,23.47058823529412,8395.0,2025,11,November,Q4
ORD10798,2025-07-28,CUST130,Mixer Grinder,Home Appliances,4,3500,2300,10.0,Net Banking,East,Bhubaneswar,Delivered,491,14000,1400.0,12600.0,9200,2909.0,23.087301587301585,12109.0,2025,7,July,Q3
ORD10799,2025-08-03,CUST074,Backpack,Accessories,4,1800,1100,5.0,UPI,South,Hyderabad,Shipped,252,7200,360.0,6840.0,4400,2188.0,31.988304093567248,6588.0,2025,8,August,Q3
ORD10800,2025-06-15,CUST120,Mixer Grinder,Home Appliances,1,3500,2300,20.0,UPI,West,Pune,Delivered,393,3500,700.0,2800.0,2300,107.0,3.8214285714285716,2407.0,2025,6,June,Q2
ORD10801,2025-11-09,CUST137,Shoes,Fashion,2,3500,2200,0.0,Net Banking,West,Pune,Delivered,367,7000,0.0,7000.0,4400,2233.0,31.900000000000002,6633.0,2025,11,November,Q4
ORD10802,2025-11-02,CUST149,Laptop,Electronics,4,55000,42000,5.0,Credit Card,West,Pune,Returned,252,220000,11000.0,209000.0,168000,40748.0,19.49665071770335,208748.0,2025,11,November,Q4
ORD10803,2025-12-31,CUST212,Shoes,Fashion,1,3500,2200,5.0,Cash on Delivery,East,Kolkata,Shipped,91,3500,175.0,3325.0,2200,1034.0,31.097744360902258,3234.0,2025,12,December,Q4
ORD10804,2025-03-14,CUST223,Smartphone,Electronics,2,25000,19000,0.0,Net Banking,North,Delhi,Delivered,206,50000,0.0,50000.0,38000,11794.0,23.588,49794.0,2025,3,March,Q1
ORD10805,2025-02-16,CUST205,Mixer Grinder,Home Appliances,3,3500,2300,15.0,Debit Card,West,Mumbai,Returned,314,10500,1575.0,8925.0,6900,1711.0,19.170868347338935,8611.0,2025,2,February,Q1
ORD10806,2025-09-04,CUST026,Bookshelf,Furniture,3,7000,4800,5.0,UPI,West,Pune,Delivered,485,21000,1050.0,19950.0,14400,5065.0,25.38847117794486,19465.0,2025,9,September,Q3
ORD10807,2025-12-04,CUST298,Coffee Maker,Home Appliances,4,4500,3000,20.0,Debit Card,East,Bhubaneswar,Delivered,180,18000,3600.0,14400.0,12000,2220.0,15.416666666666668,14220.0,2025,12,December,Q4
ORD10808,2025-03-17,CUST049,Bookshelf,Furniture,1,7000,4800,10.0,Credit Card,North,Delhi,Delivered,412,7000,700.0,6300.0,4800,1088.0,17.269841269841272,5888.0,2025,3,March,Q1
ORD10809,2025-12-22,CUST189,Shoes,Fashion,1,3500,2200,15.0,UPI,West,Mumbai,Delivered,449,3500,525.0,2975.0,2200,326.0,10.957983193277311,2526.0,2025,12,December,Q4
ORD10810,2025-04-28,CUST157,T-Shirt,Fashion,4,900,500,5.0,Net Banking,East,Kolkata,Cancelled,249,3600,180.0,3420.0,2000,1171.0,34.239766081871345,3171.0,2025,4,April,Q2
ORD10811,2025-08-21,CUST090,Smartwatch,Electronics,2,5000,3300,10.0,UPI,South,Bengaluru,Delivered,203,10000,1000.0,9000.0,6600,2197.0,24.41111111111111,8797.0,2025,8,August,Q3
ORD10812,2025-03-04,CUST253,T-Shirt,Fashion,3,900,500,15.0,Credit Card,West,Mumbai,Delivered,117,2700,405.0,2295.0,1500,678.0,29.54248366013072,2178.0,2025,3,March,Q1
ORD10813,2025-10-13,CUST044,Smartphone,Electronics,1,25000,19000,15.0,UPI,East,Bhubaneswar,Shipped,267,25000,3750.0,21250.0,19000,1983.0,9.331764705882353,20983.0,2025,10,October,Q4
ORD10814,2025-08-24,CUST066,Shoes,Fashion,2,3500,2200,20.0,Credit Card,North,Lucknow,Delivered,461,7000,1400.0,5600.0,4400,739.0,13.19642857142857,5139.0,2025,8,August,Q3
ORD10815,2025-12-03,CUST084,Backpack,Accessories,2,1800,1100,15.0,Net Banking,South,Bengaluru,Delivered,179,3600,540.0,3060.0,2200,681.0,22.254901960784313,2881.0,2025,12,December,Q4
ORD10816,2025-09-25,CUST078,Headphones,Electronics,4,2500,1600,5.0,Debit Card,South,Bengaluru,Delivered,149,10000,500.0,9500.0,6400,2951.0,31.063157894736843,9351.0,2025,9,September,Q3
ORD10817,2025-07-11,CUST180,Bookshelf,Furniture,4,7000,4800,5.0,Debit Card,West,Ahmedabad,Cancelled,61,28000,1400.0,26600.0,19200,7339.0,27.590225563909776,26539.0,2025,7,July,Q3
ORD10818,2025-03-12,CUST084,Office Chair,Furniture,4,8500,6000,10.0,Debit Card,North,Jaipur,Shipped,311,34000,3400.0,30600.0,24000,6289.0,20.552287581699346,30289.0,2025,3,March,Q1
ORD10819,2025-10-31,CUST011,Mixer Grinder,Home Appliances,3,3500,2300,10.0,Debit Card,West,Pune,Delivered,118,10500,1050.0,9450.0,6900,2432.0,25.735449735449734,9332.0,2025,10,October,Q4
ORD10820,2025-06-30,CUST093,Office Chair,Furniture,1,8500,6000,0.0,UPI,South,Bengaluru,Delivered,320,8500,0.0,8500.0,6000,2180.0,25.647058823529413,8180.0,2025,6,June,Q2
ORD10821,2025-05-29,CUST106,Office Chair,Furniture,1,8500,6000,10.0,Cash on Delivery,South,Chennai,Delivered,471,8500,850.0,7650.0,6000,1179.0,15.411764705882353,7179.0,2025,5,May,Q2
ORD10822,2025-01-14,CUST119,Backpack,Accessories,2,1800,1100,15.0,Credit Card,South,Bengaluru,Delivered,343,3600,540.0,3060.0,2200,517.0,16.895424836601308,2717.0,2025,1,January,Q1
ORD10823,2025-05-25,CUST268,Coffee Maker,Home Appliances,3,4500,3000,10.0,Net Banking,East,Kolkata,Delivered,306,13500,1350.0,12150.0,9000,2844.0,23.40740740740741,11844.0,2025,5,May,Q2
ORD10824,2025-03-26,CUST197,Smartphone,Electronics,2,25000,19000,0.0,Debit Card,East,Kolkata,Delivered,181,50000,0.0,50000.0,38000,11819.0,23.638,49819.0,2025,3,March,Q1
ORD10825,2025-11-26,CUST267,Bookshelf,Furniture,2,7000,4800,20.0,UPI,North,Delhi,Returned,356,14000,2800.0,11200.0,9600,1244.0,11.107142857142858,10844.0,2025,11,November,Q4
ORD10826,2025-01-02,CUST124,Bookshelf,Furniture,4,7000,4800,5.0,Cash on Delivery,South,Hyderabad,Delivered,188,28000,1400.0,26600.0,19200,7212.0,27.112781954887215,26412.0,2025,1,January,Q1
ORD10827,2025-07-31,CUST253,Coffee Maker,Home Appliances,4,4500,3000,15.0,Credit Card,West,Pune,Shipped,411,18000,2700.0,15300.0,12000,2889.0,18.88235294117647,14889.0,2025,7,July,Q3
ORD10828,2025-08-24,CUST135,Desk,Furniture,2,12000,8500,15.0,UPI,West,Pune,Delivered,265,24000,3600.0,20400.0,17000,3135.0,15.36764705882353,20135.0,2025,8,August,Q3
ORD10829,2025-10-21,CUST086,Coffee Maker,Home Appliances,2,4500,3000,20.0,Net Banking,West,Ahmedabad,Delivered,93,9000,1800.0,7200.0,6000,1107.0,15.375,7107.0,2025,10,October,Q4
ORD10830,2025-05-25,CUST051,Backpack,Accessories,3,1800,1100,5.0,Credit Card,East,Kolkata,Shipped,343,5400,270.0,5130.0,3300,1487.0,28.98635477582846,4787.0,2025,5,May,Q2
ORD10831,2025-12-07,CUST018,Shoes,Fashion,1,3500,2200,0.0,Net Banking,West,Ahmedabad,Delivered,492,3500,0.0,3500.0,2200,808.0,23.085714285714285,3008.0,2025,12,December,Q4
ORD10832,2025-10-31,CUST110,Smartwatch,Electronics,2,5000,3300,10.0,UPI,East,Bhubaneswar,Delivered,123,10000,1000.0,9000.0,6600,2277.0,25.3,8877.0,2025,10,October,Q4
ORD10833,2025-10-09,CUST226,Coffee Maker,Home Appliances,1,4500,3000,10.0,UPI,East,Kolkata,Delivered,328,4500,450.0,4050.0,3000,722.0,17.82716049382716,3722.0,2025,10,October,Q4
ORD10834,2025-10-14,CUST258,Shoes,Fashion,4,3500,2200,0.0,Credit Card,South,Bengaluru,Returned,262,14000,0.0,14000.0,8800,4938.0,35.27142857142857,13738.0,2025,10,October,Q4
ORD10835,2025-08-14,CUST246,Laptop,Electronics,4,55000,42000,10.0,Credit Card,West,Pune,Cancelled,484,220000,22000.0,198000.0,168000,29516.0,14.907070707070707,197516.0,2025,8,August,Q3
ORD10836,2025-01-30,CUST177,Shoes,Fashion,4,3500,2200,20.0,Debit Card,South,Chennai,Delivered,443,14000,2800.0,11200.0,8800,1957.0,17.473214285714285,10757.0,2025,1,January,Q1
ORD10837,2025-06-13,CUST089,Coffee Maker,Home Appliances,1,4500,3000,20.0,Net Banking,East,Kolkata,Delivered,345,4500,900.0,3600.0,3000,255.0,7.083333333333333,3255.0,2025,6,June,Q2
ORD10838,2025-08-17,CUST279,Headphones,Electronics,2,2500,1600,10.0,Debit Card,North,Lucknow,Cancelled,491,5000,500.0,4500.0,3200,809.0,17.977777777777778,4009.0,2025,8,August,Q3
ORD10839,2025-10-07,CUST018,Laptop,Electronics,2,55000,42000,20.0,UPI,East,Bhubaneswar,Shipped,441,110000,22000.0,88000.0,84000,3559.0,4.0443181818181815,87559.0,2025,10,October,Q4
ORD10840,2025-01-13,CUST090,Coffee Maker,Home Appliances,3,4500,3000,20.0,Debit Card,West,Ahmedabad,Delivered,308,13500,2700.0,10800.0,9000,1492.0,13.814814814814817,10492.0,2025,1,January,Q1
ORD10841,2025-04-18,CUST258,Coffee Maker,Home Appliances,4,4500,3000,5.0,Cash on Delivery,East,Bhubaneswar,Returned,126,18000,900.0,17100.0,12000,4974.0,29.087719298245613,16974.0,2025,4,April,Q2
ORD10842,2025-03-29,CUST032,Coffee Maker,Home Appliances,4,4500,3000,15.0,Cash on Delivery,East,Kolkata,Shipped,378,18000,2700.0,15300.0,12000,2922.0,19.098039215686274,14922.0,2025,3,March,Q1
ORD10843,2025-11-26,CUST181,Office Chair,Furniture,4,8500,6000,20.0,Credit Card,East,Patna,Returned,218,34000,6800.0,27200.0,24000,2982.0,10.963235294117647,26982.0,2025,11,November,Q4
ORD10844,2025-05-07,CUST255,Coffee Maker,Home Appliances,3,4500,3000,15.0,Net Banking,South,Chennai,Shipped,465,13500,2025.0,11475.0,9000,2010.0,17.516339869281044,11010.0,2025,5,May,Q2
ORD10845,2025-01-11,CUST151,Desk,Furniture,4,12000,8500,5.0,Cash on Delivery,North,Delhi,Shipped,494,48000,2400.0,45600.0,34000,11106.0,24.35526315789474,45106.0,2025,1,January,Q1
ORD10846,2025-05-31,CUST068,Laptop,Electronics,3,55000,42000,20.0,Cash on Delivery,East,Patna,Delivered,304,165000,33000.0,132000.0,126000,5696.0,4.3151515151515145,131696.0,2025,5,May,Q2
ORD10847,2025-03-31,CUST009,T-Shirt,Fashion,1,900,500,0.0,Net Banking,East,Bhubaneswar,Shipped,269,900,0.0,900.0,500,131.0,14.555555555555555,631.0,2025,3,March,Q1
ORD10848,2025-07-01,CUST226,Desk,Furniture,4,12000,8500,10.0,Cash on Delivery,West,Mumbai,Returned,246,48000,4800.0,43200.0,34000,8954.0,20.72685185185185,42954.0,2025,7,July,Q3
ORD10849,2025-03-19,CUST181,Coffee Maker,Home Appliances,3,4500,3000,5.0,UPI,East,Kolkata,Returned,471,13500,675.0,12825.0,9000,3354.0,26.15204678362573,12354.0,2025,3,March,Q1
ORD10850,2025-07-19,CUST171,Shoes,Fashion,1,3500,2200,10.0,UPI,South,Hyderabad,Returned,123,3500,350.0,3150.0,2200,827.0,26.253968253968253,3027.0,2025,7,July,Q3
ORD10851,2025-08-09,CUST004,Desk,Furniture,3,12000,8500,10.0,Credit Card,West,Pune,Delivered,59,36000,3600.0,32400.0,25500,6841.0,21.1141975308642,32341.0,2025,8,August,Q3
ORD10852,2025-04-08,CUST009,T-Shirt,Fashion,4,900,500,20.0,Cash on Delivery,South,Bengaluru,Shipped,500,3600,720.0,2880.0,2000,380.0,13.194444444444445,2380.0,2025,4,April,Q2
ORD10853,2025-03-04,CUST260,Smartphone,Electronics,1,25000,19000,5.0,Cash on Delivery,East,Patna,Delivered,154,25000,1250.0,23750.0,19000,4596.0,19.351578947368424,23596.0,2025,3,March,Q1
ORD10854,2025-06-19,CUST069,Smartphone,Electronics,4,25000,19000,15.0,Credit Card,East,Bhubaneswar,Delivered,165,100000,15000.0,85000.0,76000,8835.0,10.394117647058824,84835.0,2025,6,June,Q2
ORD10855,2025-12-18,CUST251,Laptop,Electronics,2,55000,42000,0.0,Debit Card,South,Bengaluru,Delivered,417,110000,0.0,110000.0,84000,25583.0,23.257272727272728,109583.0,2025,12,December,Q4
ORD10856,2025-03-31,CUST059,Coffee Maker,Home Appliances,1,4500,3000,15.0,UPI,West,Ahmedabad,Delivered,482,4500,675.0,3825.0,3000,343.0,8.967320261437909,3343.0,2025,3,March,Q1
ORD10857,2025-02-18,CUST098,Backpack,Accessories,4,1800,1100,10.0,UPI,South,Bengaluru,Delivered,348,7200,720.0,6480.0,4400,1732.0,26.728395061728392,6132.0,2025,2,February,Q1
ORD10858,2025-01-27,CUST195,Coffee Maker,Home Appliances,4,4500,3000,15.0,UPI,South,Hyderabad,Cancelled,463,18000,2700.0,15300.0,12000,2837.0,18.542483660130717,14837.0,2025,1,January,Q1
ORD10859,2025-08-30,CUST076,Smartphone,Electronics,3,25000,19000,15.0,Cash on Delivery,South,Hyderabad,Delivered,354,75000,11250.0,63750.0,57000,6396.0,10.032941176470588,63396.0,2025,8,August,Q3
ORD10860,2025-12-09,CUST207,Bookshelf,Furniture,2,7000,4800,20.0,Net Banking,East,Kolkata,Shipped,133,14000,2800.0,11200.0,9600,1467.0,13.098214285714285,11067.0,2025,12,December,Q4
ORD10861,2025-02-06,CUST045,Office Chair,Furniture,1,8500,6000,10.0,Credit Card,North,Delhi,Cancelled,463,8500,850.0,7650.0,6000,1187.0,15.516339869281046,7187.0,2025,2,February,Q1
ORD10862,2025-11-04,CUST007,Smartwatch,Electronics,3,5000,3300,20.0,UPI,West,Mumbai,Delivered,349,15000,3000.0,12000.0,9900,1751.0,14.591666666666667,11651.0,2025,11,November,Q4
ORD10863,2025-02-03,CUST266,Office Chair,Furniture,2,8500,6000,20.0,Credit Card,West,Mumbai,Delivered,104,17000,3400.0,13600.0,12000,1496.0,11.0,13496.0,2025,2,February,Q1
ORD10864,2025-01-10,CUST128,Backpack,Accessories,2,1800,1100,10.0,Debit Card,West,Pune,Shipped,493,3600,360.0,3240.0,2200,547.0,16.882716049382715,2747.0,2025,1,January,Q1
ORD10865,2025-04-02,CUST213,Shoes,Fashion,1,3500,2200,20.0,UPI,North,Delhi,Delivered,79,3500,700.0,2800.0,2200,521.0,18.607142857142858,2721.0,2025,4,April,Q2
ORD10866,2025-02-27,CUST296,Laptop,Electronics,1,55000,42000,15.0,Debit Card,West,Pune,Returned,494,55000,8250.0,46750.0,42000,4256.0,9.103743315508021,46256.0,2025,2,February,Q1
ORD10867,2025-11-02,CUST097,Headphones,Electronics,1,2500,1600,20.0,Cash on Delivery,West,Mumbai,Delivered,383,2500,500.0,2000.0,1600,17.0,0.8500000000000001,1617.0,2025,11,November,Q4
ORD10868,2025-04-18,CUST071,Laptop,Electronics,2,55000,42000,0.0,Credit Card,West,Mumbai,Delivered,434,110000,0.0,110000.0,84000,25566.0,23.241818181818182,109566.0,2025,4,April,Q2
ORD10869,2025-05-07,CUST182,Office Chair,Furniture,4,8500,6000,15.0,UPI,East,Bhubaneswar,Delivered,453,34000,5100.0,28900.0,24000,4447.0,15.387543252595156,28447.0,2025,5,May,Q2
ORD10870,2025-10-04,CUST019,Office Chair,Furniture,2,8500,6000,0.0,UPI,South,Chennai,Delivered,142,17000,0.0,17000.0,12000,4858.0,28.576470588235292,16858.0,2025,10,October,Q4
ORD10871,2025-10-04,CUST153,Headphones,Electronics,3,2500,1600,0.0,Cash on Delivery,East,Kolkata,Cancelled,89,7500,0.0,7500.0,4800,2611.0,34.81333333333333,7411.0,2025,10,October,Q4
ORD10872,2025-06-21,CUST198,Backpack,Accessories,1,1800,1100,5.0,Debit Card,West,Mumbai,Shipped,233,1800,90.0,1710.0,1100,377.0,22.046783625730995,1477.0,2025,6,June,Q2
ORD10873,2025-07-20,CUST275,Laptop,Electronics,1,55000,42000,20.0,Debit Card,South,Bengaluru,Returned,371,55000,11000.0,44000.0,42000,1629.0,3.702272727272727,43629.0,2025,7,July,Q3
ORD10874,2025-02-11,CUST017,Desk,Furniture,3,12000,8500,15.0,Debit Card,East,Kolkata,Returned,378,36000,5400.0,30600.0,25500,4722.0,15.43137254901961,30222.0,2025,2,February,Q1
ORD10875,2025-01-19,CUST246,Smartphone,Electronics,1,25000,19000,20.0,Debit Card,West,Mumbai,Returned,472,25000,5000.0,20000.0,19000,528.0,2.64,19528.0,2025,1,January,Q1
ORD10876,2025-02-05,CUST197,Laptop,Electronics,4,55000,42000,20.0,Net Banking,South,Bengaluru,Delivered,437,220000,44000.0,176000.0,168000,7563.0,4.297159090909091,175563.0,2025,2,February,Q1
ORD10877,2025-07-15,CUST057,Shoes,Fashion,3,3500,2200,20.0,Debit Card,South,Hyderabad,Delivered,195,10500,2100.0,8400.0,6600,1605.0,19.107142857142854,8205.0,2025,7,July,Q3
ORD10878,2025-10-13,CUST279,Smartphone,Electronics,4,25000,19000,10.0,UPI,North,Delhi,Delivered,148,100000,10000.0,90000.0,76000,13852.0,15.391111111111112,89852.0,2025,10,October,Q4
ORD10879,2025-09-28,CUST214,Bookshelf,Furniture,4,7000,4800,15.0,Debit Card,South,Hyderabad,Delivered,468,28000,4200.0,23800.0,19200,4132.0,17.36134453781513,23332.0,2025,9,September,Q3
ORD10880,2025-11-17,CUST129,Bookshelf,Furniture,1,7000,4800,0.0,Credit Card,West,Mumbai,Returned,158,7000,0.0,7000.0,4800,2042.0,29.17142857142857,6842.0,2025,11,November,Q4
ORD10881,2025-04-06,CUST146,Mixer Grinder,Home Appliances,2,3500,2300,15.0,Debit Card,East,Patna,Delivered,391,7000,1050.0,5950.0,4600,959.0,16.11764705882353,5559.0,2025,4,April,Q2
ORD10882,2025-06-16,CUST072,Smartphone,Electronics,1,25000,19000,20.0,Credit Card,East,Patna,Returned,131,25000,5000.0,20000.0,19000,869.0,4.345000000000001,19869.0,2025,6,June,Q2
ORD10883,2025-02-07,CUST200,Smartwatch,Electronics,3,5000,3300,0.0,Debit Card,North,Lucknow,Delivered,250,15000,0.0,15000.0,9900,4850.0,32.33333333333333,14750.0,2025,2,February,Q1
ORD10884,2025-08-08,CUST204,Smartphone,Electronics,2,25000,19000,15.0,Credit Card,West,Pune,Delivered,216,50000,7500.0,42500.0,38000,4284.0,10.08,42284.0,2025,8,August,Q3
ORD10885,2025-10-31,CUST068,Desk,Furniture,4,12000,8500,20.0,UPI,South,Bengaluru,Delivered,215,48000,9600.0,38400.0,34000,4185.0,10.8984375,38185.0,2025,10,October,Q4
ORD10886,2025-12-17,CUST108,Backpack,Accessories,4,1800,1100,5.0,Credit Card,South,Hyderabad,Delivered,182,7200,360.0,6840.0,4400,2258.0,33.01169590643275,6658.0,2025,12,December,Q4
ORD10887,2025-12-25,CUST108,Desk,Furniture,2,12000,8500,5.0,Credit Card,East,Bhubaneswar,Delivered,123,24000,1200.0,22800.0,17000,5677.0,24.899122807017545,22677.0,2025,12,December,Q4
ORD10888,2025-11-14,CUST119,Smartwatch,Electronics,1,5000,3300,10.0,Credit Card,South,Bengaluru,Cancelled,301,5000,500.0,4500.0,3300,899.0,19.977777777777778,4199.0,2025,11,November,Q4
ORD10889,2025-02-14,CUST044,Smartphone,Electronics,2,25000,19000,10.0,Credit Card,West,Ahmedabad,Shipped,431,50000,5000.0,45000.0,38000,6569.0,14.597777777777779,44569.0,2025,2,February,Q1
ORD10890,2025-01-03,CUST067,Smartphone,Electronics,2,25000,19000,5.0,Cash on Delivery,North,Jaipur,Delivered,100,50000,2500.0,47500.0,38000,9400.0,19.789473684210527,47400.0,2025,1,January,Q1
ORD10891,2025-09-26,CUST138,Laptop,Electronics,4,55000,42000,5.0,UPI,South,Bengaluru,Delivered,53,220000,11000.0,209000.0,168000,40947.0,19.591866028708136,208947.0,2025,9,September,Q3
ORD10892,2025-11-21,CUST219,Desk,Furniture,4,12000,8500,5.0,Cash on Delivery,North,Jaipur,Delivered,442,48000,2400.0,45600.0,34000,11158.0,24.469298245614034,45158.0,2025,11,November,Q4
ORD10893,2025-01-04,CUST168,Office Chair,Furniture,4,8500,6000,10.0,Debit Card,South,Chennai,Returned,308,34000,3400.0,30600.0,24000,6292.0,20.562091503267972,30292.0,2025,1,January,Q1
ORD10894,2025-10-23,CUST141,Shoes,Fashion,1,3500,2200,15.0,Debit Card,East,Bhubaneswar,Cancelled,351,3500,525.0,2975.0,2200,424.0,14.252100840336135,2624.0,2025,10,October,Q4
ORD10895,2025-08-20,CUST258,Laptop,Electronics,1,55000,42000,10.0,UPI,West,Mumbai,Shipped,386,55000,5500.0,49500.0,42000,7114.0,14.371717171717172,49114.0,2025,8,August,Q3
ORD10896,2025-11-04,CUST107,Smartwatch,Electronics,4,5000,3300,10.0,Debit Card,North,Lucknow,Delivered,71,20000,2000.0,18000.0,13200,4729.0,26.272222222222226,17929.0,2025,11,November,Q4
ORD10897,2025-08-04,CUST039,Bookshelf,Furniture,1,7000,4800,15.0,Cash on Delivery,East,Kolkata,Delivered,152,7000,1050.0,5950.0,4800,998.0,16.77310924369748,5798.0,2025,8,August,Q3
ORD10898,2025-09-25,CUST057,T-Shirt,Fashion,1,900,500,5.0,Cash on Delivery,West,Pune,Delivered,402,900,45.0,855.0,500,-47.0,-5.497076023391813,453.0,2025,9,September,Q3
ORD10899,2025-01-05,CUST117,Headphones,Electronics,2,2500,1600,10.0,Credit Card,South,Chennai,Delivered,431,5000,500.0,4500.0,3200,869.0,19.311111111111114,4069.0,2025,1,January,Q1
ORD10900,2025-03-08,CUST066,Smartwatch,Electronics,4,5000,3300,10.0,UPI,North,Lucknow,Returned,286,20000,2000.0,18000.0,13200,4514.0,25.077777777777776,17714.0,2025,3,March,Q1
ORD10901,2025-08-14,CUST199,Smartwatch,Electronics,2,5000,3300,0.0,UPI,South,Hyderabad,Shipped,445,10000,0.0,10000.0,6600,2955.0,29.549999999999997,9555.0,2025,8,August,Q3
ORD10902,2025-04-01,CUST089,Mixer Grinder,Home Appliances,2,3500,2300,5.0,Net Banking,West,Ahmedabad,Delivered,263,7000,350.0,6650.0,4600,1787.0,26.872180451127818,6387.0,2025,4,April,Q2
ORD10903,2025-02-18,CUST114,Shoes,Fashion,4,3500,2200,0.0,Cash on Delivery,West,Pune,Returned,327,14000,0.0,14000.0,8800,4873.0,34.80714285714286,13673.0,2025,2,February,Q1
ORD10904,2025-10-20,CUST138,Smartphone,Electronics,2,25000,19000,10.0,Credit Card,West,Ahmedabad,Delivered,369,50000,5000.0,45000.0,38000,6631.0,14.735555555555555,44631.0,2025,10,October,Q4
ORD10905,2025-03-28,CUST156,Bookshelf,Furniture,1,7000,4800,10.0,Credit Card,North,Lucknow,Cancelled,147,7000,700.0,6300.0,4800,1353.0,21.476190476190478,6153.0,2025,3,March,Q1
ORD10906,2025-11-21,CUST231,T-Shirt,Fashion,3,900,500,15.0,Cash on Delivery,East,Patna,Delivered,230,2700,405.0,2295.0,1500,565.0,24.618736383442265,2065.0,2025,11,November,Q4
ORD10907,2025-12-16,CUST128,Shoes,Fashion,2,3500,2200,20.0,Credit Card,East,Patna,Returned,460,7000,1400.0,5600.0,4400,740.0,13.214285714285715,5140.0,2025,12,December,Q4
ORD10908,2025-02-07,CUST053,Office Chair,Furniture,1,8500,6000,15.0,Credit Card,East,Patna,Returned,275,8500,1275.0,7225.0,6000,950.0,13.148788927335639,6950.0,2025,2,February,Q1
ORD10909,2025-03-05,CUST039,Headphones,Electronics,1,2500,1600,20.0,Net Banking,South,Hyderabad,Cancelled,228,2500,500.0,2000.0,1600,172.0,8.6,1772.0,2025,3,March,Q1
ORD10910,2025-03-05,CUST097,Headphones,Electronics,1,2500,1600,15.0,Credit Card,South,Chennai,Delivered,60,2500,375.0,2125.0,1600,465.0,21.88235294117647,2065.0,2025,3,March,Q1
ORD10911,2025-01-21,CUST164,Mixer Grinder,Home Appliances,3,3500,2300,5.0,Debit Card,North,Delhi,Returned,140,10500,525.0,9975.0,6900,2935.0,29.423558897243108,9835.0,2025,1,January,Q1
ORD10912,2025-07-12,CUST159,Smartphone,Electronics,3,25000,19000,10.0,Net Banking,East,Patna,Returned,340,75000,7500.0,67500.0,57000,10160.0,15.051851851851852,67160.0,2025,7,July,Q3
ORD10913,2025-02-12,CUST191,Laptop,Electronics,2,55000,42000,15.0,Debit Card,South,Hyderabad,Delivered,500,110000,16500.0,93500.0,84000,9000.0,9.62566844919786,93000.0,2025,2,February,Q1
ORD10914,2025-03-10,CUST188,Smartphone,Electronics,1,25000,19000,5.0,Cash on Delivery,East,Bhubaneswar,Returned,467,25000,1250.0,23750.0,19000,4283.0,18.033684210526317,23283.0,2025,3,March,Q1
ORD10915,2025-03-17,CUST177,Coffee Maker,Home Appliances,4,4500,3000,20.0,Debit Card,North,Lucknow,Delivered,98,18000,3600.0,14400.0,12000,2302.0,15.986111111111112,14302.0,2025,3,March,Q1
ORD10916,2025-07-08,CUST230,Office Chair,Furniture,1,8500,6000,20.0,Net Banking,East,Kolkata,Delivered,395,8500,1700.0,6800.0,6000,405.0,5.955882352941176,6405.0,2025,7,July,Q3
ORD10917,2025-09-11,CUST257,Shoes,Fashion,3,3500,2200,10.0,Cash on Delivery,West,Pune,Delivered,193,10500,1050.0,9450.0,6600,2657.0,28.116402116402117,9257.0,2025,9,September,Q3
ORD10918,2025-07-27,CUST155,Smartwatch,Electronics,3,5000,3300,10.0,Credit Card,South,Chennai,Delivered,198,15000,1500.0,13500.0,9900,3402.0,25.2,13302.0,2025,7,July,Q3
ORD10919,2025-06-23,CUST097,Mixer Grinder,Home Appliances,1,3500,2300,10.0,Cash on Delivery,West,Ahmedabad,Returned,313,3500,350.0,3150.0,2300,537.0,17.047619047619047,2837.0,2025,6,June,Q2
ORD10920,2025-07-19,CUST248,Desk,Furniture,3,12000,8500,20.0,Net Banking,West,Pune,Delivered,497,36000,7200.0,28800.0,25500,2803.0,9.73263888888889,28303.0,2025,7,July,Q3
ORD10921,2025-04-03,CUST094,Smartphone,Electronics,4,25000,19000,0.0,Credit Card,South,Hyderabad,Delivered,320,100000,0.0,100000.0,76000,23680.0,23.68,99680.0,2025,4,April,Q2
ORD10922,2025-03-25,CUST232,Desk,Furniture,1,12000,8500,20.0,Cash on Delivery,West,Mumbai,Cancelled,391,12000,2400.0,9600.0,8500,709.0,7.385416666666666,9209.0,2025,3,March,Q1
ORD10923,2025-06-08,CUST073,Bookshelf,Furniture,2,7000,4800,20.0,UPI,West,Ahmedabad,Returned,274,14000,2800.0,11200.0,9600,1326.0,11.839285714285715,10926.0,2025,6,June,Q2
ORD10924,2025-03-31,CUST220,Mixer Grinder,Home Appliances,1,3500,2300,10.0,Cash on Delivery,South,Chennai,Shipped,354,3500,350.0,3150.0,2300,496.0,15.746031746031747,2796.0,2025,3,March,Q1
ORD10925,2025-02-11,CUST058,Coffee Maker,Home Appliances,4,4500,3000,0.0,Credit Card,South,Bengaluru,Delivered,332,18000,0.0,18000.0,12000,5668.0,31.488888888888887,17668.0,2025,2,February,Q1
ORD10926,2025-05-09,CUST153,T-Shirt,Fashion,3,900,500,5.0,Cash on Delivery,West,Pune,Delivered,475,2700,135.0,2565.0,1500,590.0,23.00194931773879,2090.0,2025,5,May,Q2
ORD10927,2025-11-22,CUST082,Desk,Furniture,1,12000,8500,5.0,Credit Card,East,Kolkata,Delivered,363,12000,600.0,11400.0,8500,2537.0,22.25438596491228,11037.0,2025,11,November,Q4
ORD10928,2025-04-13,CUST209,Desk,Furniture,4,12000,8500,15.0,Debit Card,West,Pune,Delivered,114,48000,7200.0,40800.0,34000,6686.0,16.387254901960784,40686.0,2025,4,April,Q2
ORD10929,2025-08-25,CUST046,Office Chair,Furniture,2,8500,6000,0.0,Debit Card,West,Mumbai,Cancelled,308,17000,0.0,17000.0,12000,4692.0,27.6,16692.0,2025,8,August,Q3
ORD10930,2025-11-29,CUST024,Bookshelf,Furniture,1,7000,4800,5.0,Net Banking,East,Kolkata,Delivered,84,7000,350.0,6650.0,4800,1766.0,26.556390977443613,6566.0,2025,11,November,Q4
ORD10931,2025-08-31,CUST193,Shoes,Fashion,2,3500,2200,0.0,Credit Card,East,Patna,Delivered,316,7000,0.0,7000.0,4400,2284.0,32.628571428571426,6684.0,2025,8,August,Q3
ORD10932,2025-11-21,CUST075,Smartwatch,Electronics,3,5000,3300,20.0,Credit Card,East,Patna,Delivered,443,15000,3000.0,12000.0,9900,1657.0,13.808333333333334,11557.0,2025,11,November,Q4
ORD10933,2025-06-27,CUST259,Backpack,Accessories,3,1800,1100,10.0,Net Banking,South,Hyderabad,Returned,88,5400,540.0,4860.0,3300,1472.0,30.288065843621396,4772.0,2025,6,June,Q2
ORD10934,2025-06-10,CUST132,Laptop,Electronics,1,55000,42000,5.0,Net Banking,East,Kolkata,Delivered,432,55000,2750.0,52250.0,42000,9818.0,18.79043062200957,51818.0,2025,6,June,Q2
ORD10935,2025-10-15,CUST188,Office Chair,Furniture,4,8500,6000,20.0,Debit Card,West,Mumbai,Cancelled,50,34000,6800.0,27200.0,24000,3150.0,11.580882352941178,27150.0,2025,10,October,Q4
ORD10936,2025-08-05,CUST065,Desk,Furniture,4,12000,8500,5.0,Cash on Delivery,West,Mumbai,Delivered,132,48000,2400.0,45600.0,34000,11468.0,25.149122807017545,45468.0,2025,8,August,Q3
ORD10937,2025-04-17,CUST181,Desk,Furniture,1,12000,8500,15.0,Net Banking,South,Chennai,Delivered,406,12000,1800.0,10200.0,8500,1294.0,12.686274509803921,9794.0,2025,4,April,Q2
ORD10938,2025-06-29,CUST169,Smartwatch,Electronics,1,5000,3300,5.0,Credit Card,West,Mumbai,Cancelled,483,5000,250.0,4750.0,3300,967.0,20.357894736842105,4267.0,2025,6,June,Q2
ORD10939,2025-04-10,CUST047,Smartphone,Electronics,4,25000,19000,15.0,Cash on Delivery,West,Pune,Cancelled,152,100000,15000.0,85000.0,76000,8848.0,10.409411764705883,84848.0,2025,4,April,Q2
ORD10940,2025-09-30,CUST243,Coffee Maker,Home Appliances,4,4500,3000,15.0,UPI,West,Pune,Returned,208,18000,2700.0,15300.0,12000,3092.0,20.209150326797385,15092.0,2025,9,September,Q3
ORD10941,2025-01-02,CUST099,Laptop,Electronics,4,55000,42000,10.0,Credit Card,West,Pune,Returned,402,220000,22000.0,198000.0,168000,29598.0,14.94848484848485,197598.0,2025,1,January,Q1
ORD10942,2025-01-02,CUST123,Coffee Maker,Home Appliances,3,4500,3000,0.0,Cash on Delivery,North,Jaipur,Delivered,260,13500,0.0,13500.0,9000,4240.0,31.407407407407405,13240.0,2025,1,January,Q1
ORD10943,2025-01-29,CUST106,Smartwatch,Electronics,3,5000,3300,15.0,Credit Card,East,Bhubaneswar,Delivered,404,15000,2250.0,12750.0,9900,2446.0,19.184313725490195,12346.0,2025,1,January,Q1
ORD10944,2025-10-28,CUST100,Laptop,Electronics,2,55000,42000,0.0,Credit Card,West,Pune,Delivered,482,110000,0.0,110000.0,84000,25518.0,23.19818181818182,109518.0,2025,10,October,Q4
ORD10945,2025-05-23,CUST260,T-Shirt,Fashion,2,900,500,5.0,Credit Card,North,Lucknow,Delivered,206,1800,90.0,1710.0,1000,504.0,29.47368421052631,1504.0,2025,5,May,Q2
ORD10946,2025-06-21,CUST114,T-Shirt,Fashion,3,900,500,10.0,Credit Card,North,Delhi,Cancelled,319,2700,270.0,2430.0,1500,611.0,25.144032921810698,2111.0,2025,6,June,Q2
ORD10947,2025-09-12,CUST196,Coffee Maker,Home Appliances,4,4500,3000,5.0,UPI,North,Lucknow,Delivered,161,18000,900.0,17100.0,12000,4939.0,28.883040935672515,16939.0,2025,9,September,Q3
ORD10948,2025-01-08,CUST069,Smartwatch,Electronics,4,5000,3300,5.0,Cash on Delivery,West,Pune,Delivered,285,20000,1000.0,19000.0,13200,5515.0,29.026315789473685,18715.0,2025,1,January,Q1
ORD10949,2025-05-06,CUST029,Coffee Maker,Home Appliances,3,4500,3000,5.0,Debit Card,North,Delhi,Delivered,253,13500,675.0,12825.0,9000,3572.0,27.85185185185185,12572.0,2025,5,May,Q2
ORD10950,2025-03-03,CUST179,T-Shirt,Fashion,3,900,500,15.0,Cash on Delivery,South,Hyderabad,Returned,74,2700,405.0,2295.0,1500,721.0,31.416122004357298,2221.0,2025,3,March,Q1
ORD10951,2025-11-07,CUST246,Bookshelf,Furniture,3,7000,4800,0.0,UPI,North,Jaipur,Delivered,179,21000,0.0,21000.0,14400,6421.0,30.576190476190472,20821.0,2025,11,November,Q4
ORD10952,2025-12-18,CUST069,Bookshelf,Furniture,2,7000,4800,20.0,Credit Card,North,Lucknow,Delivered,159,14000,2800.0,11200.0,9600,1441.0,12.866071428571429,11041.0,2025,12,December,Q4
ORD10953,2025-09-13,CUST162,Bookshelf,Furniture,4,7000,4800,10.0,Cash on Delivery,East,Kolkata,Cancelled,432,28000,2800.0,25200.0,19200,5568.0,22.095238095238095,24768.0,2025,9,September,Q3
ORD10954,2025-02-24,CUST026,Backpack,Accessories,3,1800,1100,20.0,UPI,West,Ahmedabad,Cancelled,52,5400,1080.0,4320.0,3300,968.0,22.407407407407405,4268.0,2025,2,February,Q1
ORD10955,2025-07-17,CUST298,Shoes,Fashion,3,3500,2200,15.0,Net Banking,West,Pune,Delivered,235,10500,1575.0,8925.0,6600,2090.0,23.41736694677871,8690.0,2025,7,July,Q3
ORD10956,2025-01-11,CUST085,Smartwatch,Electronics,3,5000,3300,5.0,Net Banking,North,Lucknow,Delivered,195,15000,750.0,14250.0,9900,4155.0,29.157894736842106,14055.0,2025,1,January,Q1
ORD10957,2025-06-30,CUST030,Bookshelf,Furniture,3,7000,4800,5.0,Credit Card,West,Ahmedabad,Delivered,304,21000,1050.0,19950.0,14400,5246.0,26.29573934837093,19646.0,2025,6,June,Q2
ORD10958,2025-10-03,CUST261,T-Shirt,Fashion,4,900,500,0.0,Debit Card,North,Jaipur,Returned,324,3600,0.0,3600.0,2000,1276.0,35.44444444444444,3276.0,2025,10,October,Q4
ORD10959,2025-08-03,CUST190,Shoes,Fashion,3,3500,2200,5.0,Debit Card,North,Jaipur,Delivered,76,10500,525.0,9975.0,6600,3299.0,33.07268170426065,9899.0,2025,8,August,Q3
ORD10960,2025-07-07,CUST097,Coffee Maker,Home Appliances,1,4500,3000,0.0,Credit Card,South,Bengaluru,Delivered,278,4500,0.0,4500.0,3000,1222.0,27.155555555555555,4222.0,2025,7,July,Q3
ORD10961,2025-04-16,CUST282,Shoes,Fashion,4,3500,2200,20.0,Cash on Delivery,West,Pune,Cancelled,226,14000,2800.0,11200.0,8800,2174.0,19.41071428571429,10974.0,2025,4,April,Q2
ORD10962,2025-04-17,CUST018,Bookshelf,Furniture,3,7000,4800,0.0,Credit Card,North,Delhi,Shipped,284,21000,0.0,21000.0,14400,6316.0,30.07619047619048,20716.0,2025,4,April,Q2
ORD10963,2025-06-03,CUST134,Coffee Maker,Home Appliances,4,4500,3000,0.0,Credit Card,South,Bengaluru,Cancelled,290,18000,0.0,18000.0,12000,5710.0,31.722222222222225,17710.0,2025,6,June,Q2
ORD10964,2025-05-26,CUST273,Coffee Maker,Home Appliances,3,4500,3000,0.0,Cash on Delivery,South,Chennai,Delivered,121,13500,0.0,13500.0,9000,4379.0,32.43703703703704,13379.0,2025,5,May,Q2
ORD10965,2025-09-03,CUST140,Desk,Furniture,2,12000,8500,5.0,Debit Card,West,Ahmedabad,Cancelled,472,24000,1200.0,22800.0,17000,5328.0,23.36842105263158,22328.0,2025,9,September,Q3
ORD10966,2025-05-31,CUST141,Desk,Furniture,4,12000,8500,5.0,Cash on Delivery,North,Jaipur,Delivered,138,48000,2400.0,45600.0,34000,11462.0,25.135964912280702,45462.0,2025,5,May,Q2
ORD10967,2025-07-02,CUST052,Coffee Maker,Home Appliances,3,4500,3000,0.0,Credit Card,West,Pune,Delivered,128,13500,0.0,13500.0,9000,4372.0,32.385185185185186,13372.0,2025,7,July,Q3
ORD10968,2025-07-05,CUST131,Smartphone,Electronics,2,25000,19000,10.0,Credit Card,North,Jaipur,Delivered,279,50000,5000.0,45000.0,38000,6721.0,14.935555555555554,44721.0,2025,7,July,Q3
ORD10969,2025-07-11,CUST210,Desk,Furniture,1,12000,8500,10.0,UPI,South,Bengaluru,Delivered,372,12000,1200.0,10800.0,8500,1928.0,17.85185185185185,10428.0,2025,7,July,Q3
ORD10970,2025-11-19,CUST129,Bookshelf,Furniture,3,7000,4800,0.0,Debit Card,West,Pune,Delivered,143,21000,0.0,21000.0,14400,6457.0,30.747619047619047,20857.0,2025,11,November,Q4
ORD10971,2025-11-29,CUST173,Smartphone,Electronics,1,25000,19000,5.0,Debit Card,East,Bhubaneswar,Cancelled,342,25000,1250.0,23750.0,19000,4408.0,18.56,23408.0,2025,11,November,Q4
ORD10972,2025-11-10,CUST143,Smartwatch,Electronics,2,5000,3300,20.0,Net Banking,East,Patna,Returned,468,10000,2000.0,8000.0,6600,932.0,11.65,7532.0,2025,11,November,Q4
ORD10973,2025-10-26,CUST192,Coffee Maker,Home Appliances,4,4500,3000,5.0,Debit Card,South,Hyderabad,Delivered,482,18000,900.0,17100.0,12000,4618.0,27.00584795321637,16618.0,2025,10,October,Q4
ORD10974,2025-11-18,CUST282,Shoes,Fashion,2,3500,2200,10.0,Cash on Delivery,South,Bengaluru,Delivered,281,7000,700.0,6300.0,4400,1619.0,25.6984126984127,6019.0,2025,11,November,Q4
ORD10975,2025-10-31,CUST294,Coffee Maker,Home Appliances,1,4500,3000,20.0,Cash on Delivery,South,Hyderabad,Delivered,372,4500,900.0,3600.0,3000,228.0,6.333333333333334,3228.0,2025,10,October,Q4
ORD10976,2025-10-10,CUST044,Laptop,Electronics,2,55000,42000,10.0,Net Banking,West,Pune,Delivered,247,110000,11000.0,99000.0,84000,14753.0,14.902020202020202,98753.0,2025,10,October,Q4
ORD10977,2025-06-17,CUST076,Laptop,Electronics,2,55000,42000,15.0,Net Banking,East,Patna,Delivered,436,110000,16500.0,93500.0,84000,9064.0,9.694117647058825,93064.0,2025,6,June,Q2
ORD10978,2025-08-03,CUST085,Shoes,Fashion,2,3500,2200,20.0,Debit Card,West,Ahmedabad,Shipped,442,7000,1400.0,5600.0,4400,758.0,13.535714285714286,5158.0,2025,8,August,Q3
ORD10979,2025-08-04,CUST094,Headphones,Electronics,3,2500,1600,0.0,Cash on Delivery,East,Patna,Delivered,472,7500,0.0,7500.0,4800,2228.0,29.706666666666663,7028.0,2025,8,August,Q3
ORD10980,2025-01-31,CUST105,Bookshelf,Furniture,3,7000,4800,0.0,Debit Card,East,Bhubaneswar,Delivered,179,21000,0.0,21000.0,14400,6421.0,30.576190476190472,20821.0,2025,1,January,Q1
ORD10981,2025-04-11,CUST180,Smartphone,Electronics,1,25000,19000,5.0,Cash on Delivery,South,Bengaluru,Shipped,438,25000,1250.0,23750.0,19000,4312.0,18.155789473684212,23312.0,2025,4,April,Q2
ORD10982,2025-05-28,CUST121,Smartwatch,Electronics,2,5000,3300,0.0,Credit Card,West,Ahmedabad,Cancelled,435,10000,0.0,10000.0,6600,2965.0,29.65,9565.0,2025,5,May,Q2
ORD10983,2025-11-19,CUST261,T-Shirt,Fashion,1,900,500,0.0,Cash on Delivery,South,Hyderabad,Delivered,356,900,0.0,900.0,500,44.0,4.888888888888889,544.0,2025,11,November,Q4
ORD10984,2025-11-09,CUST094,Bookshelf,Furniture,3,7000,4800,10.0,Cash on Delivery,South,Hyderabad,Delivered,381,21000,2100.0,18900.0,14400,4119.0,21.793650793650794,18519.0,2025,11,November,Q4
ORD10985,2025-07-24,CUST069,Desk,Furniture,1,12000,8500,10.0,UPI,South,Bengaluru,Delivered,429,12000,1200.0,10800.0,8500,1871.0,17.324074074074076,10371.0,2025,7,July,Q3
ORD10986,2025-01-16,CUST205,Smartwatch,Electronics,2,5000,3300,15.0,Cash on Delivery,East,Bhubaneswar,Delivered,381,10000,1500.0,8500.0,6600,1519.0,17.870588235294118,8119.0,2025,1,January,Q1
ORD10987,2025-09-13,CUST178,Backpack,Accessories,4,1800,1100,15.0,Cash on Delivery,South,Hyderabad,Delivered,186,7200,1080.0,6120.0,4400,1534.0,25.065359477124183,5934.0,2025,9,September,Q3
ORD10988,2025-01-15,CUST214,Mixer Grinder,Home Appliances,4,3500,2300,0.0,UPI,North,Lucknow,Delivered,368,14000,0.0,14000.0,9200,4432.0,31.657142857142855,13632.0,2025,1,January,Q1
ORD10989,2025-11-01,CUST060,Shoes,Fashion,2,3500,2200,15.0,Debit Card,North,Lucknow,Delivered,139,7000,1050.0,5950.0,4400,1411.0,23.714285714285715,5811.0,2025,11,November,Q4
ORD10990,2025-09-02,CUST153,Smartphone,Electronics,2,25000,19000,0.0,Cash on Delivery,South,Bengaluru,Delivered,338,50000,0.0,50000.0,38000,11662.0,23.324,49662.0,2025,9,September,Q3
ORD10991,2025-07-05,CUST158,Backpack,Accessories,2,1800,1100,20.0,Debit Card,South,Hyderabad,Shipped,325,3600,720.0,2880.0,2200,355.0,12.32638888888889,2555.0,2025,7,July,Q3
ORD10992,2025-03-18,CUST018,Backpack,Accessories,2,1800,1100,0.0,UPI,South,Chennai,Delivered,280,3600,0.0,3600.0,2200,1120.0,31.11111111111111,3320.0,2025,3,March,Q1
ORD10993,2025-01-19,CUST101,Desk,Furniture,3,12000,8500,10.0,Credit Card,North,Delhi,Delivered,169,36000,3600.0,32400.0,25500,6731.0,20.77469135802469,32231.0,2025,1,January,Q1
ORD10994,2025-11-26,CUST218,T-Shirt,Fashion,2,900,500,20.0,Cash on Delivery,West,Mumbai,Shipped,60,1800,360.0,1440.0,1000,380.0,26.38888888888889,1380.0,2025,11,November,Q4
ORD10995,2025-09-29,CUST012,Laptop,Electronics,3,55000,42000,5.0,Debit Card,South,Bengaluru,Delivered,65,165000,8250.0,156750.0,126000,30685.0,19.575757575757578,156685.0,2025,9,September,Q3
ORD10996,2025-08-16,CUST297,Office Chair,Furniture,4,8500,6000,0.0,Debit Card,North,Lucknow,Delivered,337,34000,0.0,34000.0,24000,9663.0,28.42058823529412,33663.0,2025,8,August,Q3
ORD10997,2025-05-17,CUST259,T-Shirt,Fashion,4,900,500,20.0,Net Banking,North,Lucknow,Cancelled,366,3600,720.0,2880.0,2000,514.0,17.84722222222222,2514.0,2025,5,May,Q2
ORD10998,2025-02-24,CUST226,Backpack,Accessories,1,1800,1100,20.0,Cash on Delivery,North,Delhi,Delivered,247,1800,360.0,1440.0,1100,93.0,6.458333333333334,1193.0,2025,2,February,Q1
ORD10999,2025-07-01,CUST285,T-Shirt,Fashion,3,900,500,5.0,Credit Card,East,Kolkata,Delivered,80,2700,135.0,2565.0,1500,985.0,38.40155945419103,2485.0,2025,7,July,Q3
ORD11000,2025-09-13,CUST025,Shoes,Fashion,2,3500,2200,20.0,Debit Card,West,Mumbai,Delivered,240,7000,1400.0,5600.0,4400,960.0,17.142857142857142,5360.0,2025,9,September,Q3
